,unix_start_t,user_ID,mark_1,orig_lat,orig_long,orig_unc,stay_lat,stay_long,stay_unc,stay_dur,stay_ind,human_start_t
0,1552522827,f98247efb013243c91c247aa6c6e119e71404a698005d1e3ee7654f17130cb25,0,47.6515886,-122.3273974,900,-1,-1,-1,-1,-1,190313000000.0
1,1552850582,f98247efb013243c91c247aa6c6e119e71404a698005d1e3ee7654f17130cb25,0,47.9993149,-122.2218245,122,-1,-1,-1,-1,-1,190317000000.0
2,1552851399,f98247efb013243c91c247aa6c6e119e71404a698005d1e3ee7654f17130cb25,0,47.9990418,-122.2215741,104,-1,-1,-1,-1,-1,190317000000.0
3,1553827223,f98247efb013243c91c247aa6c6e119e71404a698005d1e3ee7654f17130cb25,0,47.590755,-122.3302219,103,-1,-1,-1,-1,-1,190328000000.0
4,1553840035,f98247efb013243c91c247aa6c6e119e71404a698005d1e3ee7654f17130cb25,0,47.9980326,-122.2213733,128,-1,-1,-1,-1,-1,190328000000.0
5,1554524949,f98247efb013243c91c247aa6c6e119e71404a698005d1e3ee7654f17130cb25,0,48.0812004,-122.1851317,1300,-1,-1,-1,-1,-1,190405000000.0
6,1554878292,f98247efb013243c91c247aa6c6e119e71404a698005d1e3ee7654f17130cb25,0,48.0025221,-122.2193118,116,-1,-1,-1,-1,-1,190409000000.0
7,1554879162,f98247efb013243c91c247aa6c6e119e71404a698005d1e3ee7654f17130cb25,0,47.9990426,-122.2218204,104,-1,-1,-1,-1,-1,190409000000.0
8,1554880056,f98247efb013243c91c247aa6c6e119e71404a698005d1e3ee7654f17130cb25,0,48.0025221,-122.2193118,116,-1,-1,-1,-1,-1,190410000000.0
9,1554880372,f98247efb013243c91c247aa6c6e119e71404a698005d1e3ee7654f17130cb25,0,47.9955709,-122.2225579,110,-1,-1,-1,-1,-1,190410000000.0
10,1555020423,f98247efb013243c91c247aa6c6e119e71404a698005d1e3ee7654f17130cb25,0,47.9955709,-122.2225579,104,-1,-1,-1,-1,-1,190411000000.0
11,1555021060,f98247efb013243c91c247aa6c6e119e71404a698005d1e3ee7654f17130cb25,0,47.9993218,-122.2221718,104,-1,-1,-1,-1,-1,190411000000.0
12,1555021413,f98247efb013243c91c247aa6c6e119e71404a698005d1e3ee7654f17130cb25,0,47.9989616,-122.2204288,104,-1,-1,-1,-1,-1,190411000000.0
13,1555110697,f98247efb013243c91c247aa6c6e119e71404a698005d1e3ee7654f17130cb25,0,48.0031439,-122.2208003,110,-1,-1,-1,-1,-1,190412000000.0
14,1555184091,f98247efb013243c91c247aa6c6e119e71404a698005d1e3ee7654f17130cb25,0,47.9990426,-122.2218204,122,-1,-1,-1,-1,-1,190413000000.0
15,1555184339,f98247efb013243c91c247aa6c6e119e71404a698005d1e3ee7654f17130cb25,0,48.0015228,-122.2174606,128,-1,-1,-1,-1,-1,190413000000.0
16,1555443941,f98247efb013243c91c247aa6c6e119e71404a698005d1e3ee7654f17130cb25,0,47.4833374,-122.2630671,1400,-1,-1,-1,-1,-1,190416000000.0
17,1553982094,2625647e11173f95ef14599c4835355cfe2f492adb3a2e1a7a47748760345612,0,47.1159522,-122.2650743,1500,-1,-1,-1,-1,-1,190330000000.0
18,1553984305,2625647e11173f95ef14599c4835355cfe2f492adb3a2e1a7a47748760345612,0,47.097726,-122.2924183,135,-1,-1,-1,-1,-1,190330000000.0
19,1553986143,2625647e11173f95ef14599c4835355cfe2f492adb3a2e1a7a47748760345612,0,47.0213003,-122.2982385,128,-1,-1,-1,-1,-1,190330000000.0
20,1553986579,2625647e11173f95ef14599c4835355cfe2f492adb3a2e1a7a47748760345612,0,46.9719447,-122.2977938,2668,-1,-1,-1,-1,-1,190330000000.0
21,1553986941,2625647e11173f95ef14599c4835355cfe2f492adb3a2e1a7a47748760345612,0,46.8685675,-122.2715128,2786,-1,-1,-1,-1,-1,190330000000.0
22,1554003196,2625647e11173f95ef14599c4835355cfe2f492adb3a2e1a7a47748760345612,0,46.9071878,-122.2984671,2900,-1,-1,-1,-1,-1,190330000000.0
23,1554003789,2625647e11173f95ef14599c4835355cfe2f492adb3a2e1a7a47748760345612,0,47.0222448,-122.2967518,128,-1,-1,-1,-1,-1,190330000000.0
24,1554147565,2625647e11173f95ef14599c4835355cfe2f492adb3a2e1a7a47748760345612,0,47.1172909,-122.2931139,1900,-1,-1,-1,-1,-1,190401000000.0
25,1554149508,2625647e11173f95ef14599c4835355cfe2f492adb3a2e1a7a47748760345612,0,47.2225364,-122.2466355,122,-1,-1,-1,-1,-1,190401000000.0
26,1554149763,2625647e11173f95ef14599c4835355cfe2f492adb3a2e1a7a47748760345612,0,47.2878508,-122.2570387,116,-1,-1,-1,-1,-1,190401000000.0
27,1554150019,2625647e11173f95ef14599c4835355cfe2f492adb3a2e1a7a47748760345612,0,47.352749,-122.2403602,142,-1,-1,-1,-1,-1,190401000000.0
28,1554150345,2625647e11173f95ef14599c4835355cfe2f492adb3a2e1a7a47748760345612,0,47.4140638,-122.2207713,1200,-1,-1,-1,-1,-1,190401000000.0
29,1554151177,2625647e11173f95ef14599c4835355cfe2f492adb3a2e1a7a47748760345612,0,47.4143764,-122.2187845,274,-1,-1,-1,-1,-1,190401000000.0
30,1554193765,2625647e11173f95ef14599c4835355cfe2f492adb3a2e1a7a47748760345612,0,47.3792499,-122.2394016,3240,-1,-1,-1,-1,-1,190402000000.0
31,1554194005,2625647e11173f95ef14599c4835355cfe2f492adb3a2e1a7a47748760345612,0,47.2512795,-122.2539563,135,-1,-1,-1,-1,-1,190402000000.0
32,1554194494,2625647e11173f95ef14599c4835355cfe2f492adb3a2e1a7a47748760345612,0,47.1831243,-122.2561642,1725,-1,-1,-1,-1,-1,190402000000.0
33,1554235321,2625647e11173f95ef14599c4835355cfe2f492adb3a2e1a7a47748760345612,0,47.1433377,-122.2599365,900,-1,-1,-1,-1,-1,190402000000.0
34,1554236796,2625647e11173f95ef14599c4835355cfe2f492adb3a2e1a7a47748760345612,0,47.4140638,-122.2207713,1200,-1,-1,-1,-1,-1,190402000000.0
35,1554697633,2625647e11173f95ef14599c4835355cfe2f492adb3a2e1a7a47748760345612,0,47.1174734,-122.2690782,331,-1,-1,-1,-1,-1,190407000000.0
36,1554797522,2625647e11173f95ef14599c4835355cfe2f492adb3a2e1a7a47748760345612,0,47.3475032,-122.2536908,1300,-1,-1,-1,-1,-1,190409000000.0
37,1554797764,2625647e11173f95ef14599c4835355cfe2f492adb3a2e1a7a47748760345612,0,47.2833218,-122.2565039,1400,-1,-1,-1,-1,-1,190409000000.0
38,1554798007,2625647e11173f95ef14599c4835355cfe2f492adb3a2e1a7a47748760345612,0,47.2204613,-122.2447287,128,-1,-1,-1,-1,-1,190409000000.0
39,1554798495,2625647e11173f95ef14599c4835355cfe2f492adb3a2e1a7a47748760345612,0,47.186543,-122.2564498,3096,-1,-1,-1,-1,-1,190409000000.0
40,1554883886,2625647e11173f95ef14599c4835355cfe2f492adb3a2e1a7a47748760345612,0,47.4068553,-122.2281661,1617,-1,-1,-1,-1,-1,190410000000.0
41,1554884139,2625647e11173f95ef14599c4835355cfe2f492adb3a2e1a7a47748760345612,0,47.3484197,-122.2432415,1624,-1,-1,-1,-1,-1,190410000000.0
42,1554884391,2625647e11173f95ef14599c4835355cfe2f492adb3a2e1a7a47748760345612,0,47.3142613,-122.2455617,3199,-1,-1,-1,-1,-1,190410000000.0
43,1554884640,2625647e11173f95ef14599c4835355cfe2f492adb3a2e1a7a47748760345612,0,47.2002532,-122.283964,1300,-1,-1,-1,-1,-1,190410000000.0
44,1554885265,2625647e11173f95ef14599c4835355cfe2f492adb3a2e1a7a47748760345612,0,47.3142613,-122.2455617,1228,-1,-1,-1,-1,-1,190410000000.0
45,1555014275,2625647e11173f95ef14599c4835355cfe2f492adb3a2e1a7a47748760345612,0,47.199907,-122.250997,128,-1,-1,-1,-1,-1,190411000000.0
46,1555015616,2625647e11173f95ef14599c4835355cfe2f492adb3a2e1a7a47748760345612,0,47.3558005,-122.2424343,156,-1,-1,-1,-1,-1,190411000000.0
47,1555057003,2625647e11173f95ef14599c4835355cfe2f492adb3a2e1a7a47748760345612,0,47.3557016,-122.2440606,110,-1,-1,-1,-1,-1,190412000000.0
48,1555057364,2625647e11173f95ef14599c4835355cfe2f492adb3a2e1a7a47748760345612,0,47.2524753,-122.2562109,1200,-1,-1,-1,-1,-1,190412000000.0
49,1555057606,2625647e11173f95ef14599c4835355cfe2f492adb3a2e1a7a47748760345612,0,47.2160402,-122.249991,2400,-1,-1,-1,-1,-1,190412000000.0
50,1555057850,2625647e11173f95ef14599c4835355cfe2f492adb3a2e1a7a47748760345612,0,47.1605212,-122.3003255,135,-1,-1,-1,-1,-1,190412000000.0
51,1573184859,3ab7c1282d7c0ed632f93d6ca1c81ef0bf74351f50b8cb9eafe4167004ca373a,0,47.4685783,-122.226445,156,-1,-1,-1,-1,-1,191107000000.0
52,1573258921,3ab7c1282d7c0ed632f93d6ca1c81ef0bf74351f50b8cb9eafe4167004ca373a,0,47.4686032,-122.2078277,1400,-1,-1,-1,-1,-1,191108000000.0
53,1573259389,3ab7c1282d7c0ed632f93d6ca1c81ef0bf74351f50b8cb9eafe4167004ca373a,0,47.447802,-122.2664367,1000,-1,-1,-1,-1,-1,191108000000.0
54,1573259690,3ab7c1282d7c0ed632f93d6ca1c81ef0bf74351f50b8cb9eafe4167004ca373a,0,47.4178161,-122.2880065,1100,-1,-1,-1,-1,-1,191108000000.0
55,1573260121,3ab7c1282d7c0ed632f93d6ca1c81ef0bf74351f50b8cb9eafe4167004ca373a,0,47.3259255,-122.295204,1300,-1,-1,-1,-1,-1,191108000000.0
56,1573260563,3ab7c1282d7c0ed632f93d6ca1c81ef0bf74351f50b8cb9eafe4167004ca373a,0,47.3111494,-122.2820668,149,-1,-1,-1,-1,-1,191108000000.0
57,1573261169,3ab7c1282d7c0ed632f93d6ca1c81ef0bf74351f50b8cb9eafe4167004ca373a,0,47.2532781,-122.2666225,1100,-1,-1,-1,-1,-1,191108000000.0
58,1573261447,3ab7c1282d7c0ed632f93d6ca1c81ef0bf74351f50b8cb9eafe4167004ca373a,0,47.2472867,-122.2543384,1300,-1,-1,-1,-1,-1,191108000000.0
59,1573262002,3ab7c1282d7c0ed632f93d6ca1c81ef0bf74351f50b8cb9eafe4167004ca373a,0,47.2180885,-122.2467181,1500,-1,-1,-1,-1,-1,191108000000.0
60,1573262324,3ab7c1282d7c0ed632f93d6ca1c81ef0bf74351f50b8cb9eafe4167004ca373a,0,47.2027418,-122.2501659,1800,-1,-1,-1,-1,-1,191108000000.0
61,1573262636,3ab7c1282d7c0ed632f93d6ca1c81ef0bf74351f50b8cb9eafe4167004ca373a,0,47.1849934,-122.2493928,1500,-1,-1,-1,-1,-1,191108000000.0
62,1573263246,3ab7c1282d7c0ed632f93d6ca1c81ef0bf74351f50b8cb9eafe4167004ca373a,0,47.1460294,-122.2569173,116,-1,-1,-1,-1,-1,191108000000.0
63,1573267470,3ab7c1282d7c0ed632f93d6ca1c81ef0bf74351f50b8cb9eafe4167004ca373a,0,47.4631644,-122.2236197,149,-1,-1,-1,-1,-1,191108000000.0
64,1573410939,3ab7c1282d7c0ed632f93d6ca1c81ef0bf74351f50b8cb9eafe4167004ca373a,0,47.5044516,-122.1446206,1200,-1,-1,-1,-1,-1,191110000000.0
65,1573411600,3ab7c1282d7c0ed632f93d6ca1c81ef0bf74351f50b8cb9eafe4167004ca373a,0,47.5000604,-122.1455649,900,-1,-1,-1,-1,-1,191110000000.0
66,1573414865,3ab7c1282d7c0ed632f93d6ca1c81ef0bf74351f50b8cb9eafe4167004ca373a,0,47.5044516,-122.1446206,1200,-1,-1,-1,-1,-1,191110000000.0
67,1573528927,3ab7c1282d7c0ed632f93d6ca1c81ef0bf74351f50b8cb9eafe4167004ca373a,0,47.5001327,-122.2005861,142,-1,-1,-1,-1,-1,191111000000.0
68,1573529180,3ab7c1282d7c0ed632f93d6ca1c81ef0bf74351f50b8cb9eafe4167004ca373a,0,47.4611206,-122.2519648,388,-1,-1,-1,-1,-1,191111000000.0
69,1553273795,d01a212a23148fa52244ce75d247e35d53f96cd6d8b353b0b3e37a873e955527,0,47.0937219,-122.6268223,135,-1,-1,-1,-1,-1,190322000000.0
70,1553274037,d01a212a23148fa52244ce75d247e35d53f96cd6d8b353b0b3e37a873e955527,0,47.1048866,-122.5817158,1687,-1,-1,-1,-1,-1,190322000000.0
71,1553274528,d01a212a23148fa52244ce75d247e35d53f96cd6d8b353b0b3e37a873e955527,0,47.2313201,-122.4386019,122,-1,-1,-1,-1,-1,190322000000.0
72,1553274769,d01a212a23148fa52244ce75d247e35d53f96cd6d8b353b0b3e37a873e955527,0,47.2413827,-122.3937849,900,-1,-1,-1,-1,-1,190322000000.0
73,1553275010,d01a212a23148fa52244ce75d247e35d53f96cd6d8b353b0b3e37a873e955527,0,47.2405735,-122.3409782,1585,-1,-1,-1,-1,-1,190322000000.0
74,1553275309,d01a212a23148fa52244ce75d247e35d53f96cd6d8b353b0b3e37a873e955527,0,47.3474836,-122.2935045,1171,-1,-1,-1,-1,-1,190322000000.0
75,1553275675,d01a212a23148fa52244ce75d247e35d53f96cd6d8b353b0b3e37a873e955527,0,47.4314535,-122.2728544,1400,-1,-1,-1,-1,-1,190322000000.0
76,1553277669,d01a212a23148fa52244ce75d247e35d53f96cd6d8b353b0b3e37a873e955527,0,47.3285783,-122.2950204,142,-1,-1,-1,-1,-1,190322000000.0
77,1553278033,d01a212a23148fa52244ce75d247e35d53f96cd6d8b353b0b3e37a873e955527,0,47.2441833,-122.3526359,1300,-1,-1,-1,-1,-1,190322000000.0
78,1553278519,d01a212a23148fa52244ce75d247e35d53f96cd6d8b353b0b3e37a873e955527,0,47.1927171,-122.4635203,104,-1,-1,-1,-1,-1,190322000000.0
79,1553279001,d01a212a23148fa52244ce75d247e35d53f96cd6d8b353b0b3e37a873e955527,0,47.123389,-122.5509893,1618,-1,-1,-1,-1,-1,190322000000.0
80,1553279241,d01a212a23148fa52244ce75d247e35d53f96cd6d8b353b0b3e37a873e955527,0,47.0825154,-122.6699328,500,-1,-1,-1,-1,-1,190322000000.0
81,1553387091,d01a212a23148fa52244ce75d247e35d53f96cd6d8b353b0b3e37a873e955527,0,47.0832096,-122.6666997,2300,-1,-1,-1,-1,-1,190323000000.0
82,1553387337,d01a212a23148fa52244ce75d247e35d53f96cd6d8b353b0b3e37a873e955527,0,47.0945713,-122.6194343,1200,-1,-1,-1,-1,-1,190323000000.0
83,1553387585,d01a212a23148fa52244ce75d247e35d53f96cd6d8b353b0b3e37a873e955527,0,47.1023852,-122.5970696,1500,-1,-1,-1,-1,-1,190323000000.0
84,1553387827,d01a212a23148fa52244ce75d247e35d53f96cd6d8b353b0b3e37a873e955527,0,47.1134737,-122.5665379,900,-1,-1,-1,-1,-1,190323000000.0
85,1553388084,d01a212a23148fa52244ce75d247e35d53f96cd6d8b353b0b3e37a873e955527,0,47.1607497,-122.4851717,1700,-1,-1,-1,-1,-1,190323000000.0
86,1553388666,d01a212a23148fa52244ce75d247e35d53f96cd6d8b353b0b3e37a873e955527,0,47.182797,-122.4638885,1500,-1,-1,-1,-1,-1,190323000000.0
87,1553389052,d01a212a23148fa52244ce75d247e35d53f96cd6d8b353b0b3e37a873e955527,0,47.1762305,-122.4631589,1400,-1,-1,-1,-1,-1,190323000000.0
88,1553393827,d01a212a23148fa52244ce75d247e35d53f96cd6d8b353b0b3e37a873e955527,0,47.1770179,-122.4671056,1500,-1,-1,-1,-1,-1,190323000000.0
89,1553397769,d01a212a23148fa52244ce75d247e35d53f96cd6d8b353b0b3e37a873e955527,0,47.1463087,-122.5089235,1851,-1,-1,-1,-1,-1,190323000000.0
90,1553398011,d01a212a23148fa52244ce75d247e35d53f96cd6d8b353b0b3e37a873e955527,0,47.0953457,-122.6180723,2100,-1,-1,-1,-1,-1,190323000000.0
91,1572803394,d01a212a23148fa52244ce75d247e35d53f96cd6d8b353b0b3e37a873e955527,0,47.0829688,-122.6663902,2200,-1,-1,-1,-1,-1,191103000000.0
92,1572803637,d01a212a23148fa52244ce75d247e35d53f96cd6d8b353b0b3e37a873e955527,0,47.1080311,-122.5772248,1600,-1,-1,-1,-1,-1,191103000000.0
93,1572803880,d01a212a23148fa52244ce75d247e35d53f96cd6d8b353b0b3e37a873e955527,0,47.1309086,-122.5352724,1649,-1,-1,-1,-1,-1,191103000000.0
94,1572804472,d01a212a23148fa52244ce75d247e35d53f96cd6d8b353b0b3e37a873e955527,0,47.2368492,-122.5015145,1780,-1,-1,-1,-1,-1,191103000000.0
95,1572804722,d01a212a23148fa52244ce75d247e35d53f96cd6d8b353b0b3e37a873e955527,0,47.2804496,-122.5616484,1759,-1,-1,-1,-1,-1,191103000000.0
96,1572804975,d01a212a23148fa52244ce75d247e35d53f96cd6d8b353b0b3e37a873e955527,0,47.3800572,-122.6236946,1600,-1,-1,-1,-1,-1,191103000000.0
97,1572805219,d01a212a23148fa52244ce75d247e35d53f96cd6d8b353b0b3e37a873e955527,0,47.4500039,-122.6316437,3200,-1,-1,-1,-1,-1,191103000000.0
98,1572805950,d01a212a23148fa52244ce75d247e35d53f96cd6d8b353b0b3e37a873e955527,0,47.4819396,-122.6334571,2500,-1,-1,-1,-1,-1,191103000000.0
99,1572806194,d01a212a23148fa52244ce75d247e35d53f96cd6d8b353b0b3e37a873e955527,0,47.4632563,-122.6254968,2200,-1,-1,-1,-1,-1,191103000000.0
100,1572807376,d01a212a23148fa52244ce75d247e35d53f96cd6d8b353b0b3e37a873e955527,0,47.4514812,-122.6456386,135,-1,-1,-1,-1,-1,191103000000.0
101,1572808104,d01a212a23148fa52244ce75d247e35d53f96cd6d8b353b0b3e37a873e955527,0,47.4350273,-122.6314072,2600,-1,-1,-1,-1,-1,191103000000.0
102,1572808347,d01a212a23148fa52244ce75d247e35d53f96cd6d8b353b0b3e37a873e955527,0,47.3837969,-122.6237534,1500,-1,-1,-1,-1,-1,191103000000.0
103,1572808590,d01a212a23148fa52244ce75d247e35d53f96cd6d8b353b0b3e37a873e955527,0,47.3187791,-122.5888784,2200,-1,-1,-1,-1,-1,191103000000.0
104,1572808834,d01a212a23148fa52244ce75d247e35d53f96cd6d8b353b0b3e37a873e955527,0,47.2774598,-122.5615448,104,-1,-1,-1,-1,-1,191103000000.0
105,1572809076,d01a212a23148fa52244ce75d247e35d53f96cd6d8b353b0b3e37a873e955527,0,47.2579637,-122.5334022,1686,-1,-1,-1,-1,-1,191103000000.0
106,1572809563,d01a212a23148fa52244ce75d247e35d53f96cd6d8b353b0b3e37a873e955527,0,47.1568826,-122.4920004,1400,-1,-1,-1,-1,-1,191103000000.0
107,1572809808,d01a212a23148fa52244ce75d247e35d53f96cd6d8b353b0b3e37a873e955527,0,47.1223237,-122.5530352,116,-1,-1,-1,-1,-1,191103000000.0
108,1572810050,d01a212a23148fa52244ce75d247e35d53f96cd6d8b353b0b3e37a873e955527,0,47.0955866,-122.6183815,2300,-1,-1,-1,-1,-1,191103000000.0
109,1572814060,d01a212a23148fa52244ce75d247e35d53f96cd6d8b353b0b3e37a873e955527,0,47.0790161,-122.6819354,1100,-1,-1,-1,-1,-1,191103000000.0
110,1574282732,d01a212a23148fa52244ce75d247e35d53f96cd6d8b353b0b3e37a873e955527,0,47.077119,-122.688926,2100,-1,-1,-1,-1,-1,191120000000.0
111,1574282985,d01a212a23148fa52244ce75d247e35d53f96cd6d8b353b0b3e37a873e955527,0,47.1115264,-122.5705184,1200,-1,-1,-1,-1,-1,191120000000.0
112,1574287279,d01a212a23148fa52244ce75d247e35d53f96cd6d8b353b0b3e37a873e955527,0,47.1633356,-122.4802364,1600,-1,-1,-1,-1,-1,191120000000.0
113,1574287523,d01a212a23148fa52244ce75d247e35d53f96cd6d8b353b0b3e37a873e955527,0,47.1333547,-122.5302165,110,-1,-1,-1,-1,-1,191120000000.0
114,1574287764,d01a212a23148fa52244ce75d247e35d53f96cd6d8b353b0b3e37a873e955527,0,47.1144668,-122.5656233,1678,-1,-1,-1,-1,-1,191120000000.0
115,1574288007,d01a212a23148fa52244ce75d247e35d53f96cd6d8b353b0b3e37a873e955527,0,47.077119,-122.688926,2100,-1,-1,-1,-1,-1,191120000000.0
116,1552422152,f32492e1387ee27bb34969fb5988bf48324408295372721b9bd7b4816a9cedf4,0,47.4355003,-122.3163493,1300,-1,-1,-1,-1,-1,190312000000.0
117,1552422165,f32492e1387ee27bb34969fb5988bf48324408295372721b9bd7b4816a9cedf4,0,47.4333275,-122.3059164,800,-1,-1,-1,-1,-1,190312000000.0
118,1552422172,f32492e1387ee27bb34969fb5988bf48324408295372721b9bd7b4816a9cedf4,0,47.4332398,-122.3105274,1300,-1,-1,-1,-1,-1,190312000000.0
119,1552422252,f32492e1387ee27bb34969fb5988bf48324408295372721b9bd7b4816a9cedf4,0,47.4338589,-122.3042296,900,-1,-1,-1,-1,-1,190312000000.0
120,1552422257,f32492e1387ee27bb34969fb5988bf48324408295372721b9bd7b4816a9cedf4,0,47.4285396,-122.295119,1200,-1,-1,-1,-1,-1,190312000000.0
121,1552422570,f32492e1387ee27bb34969fb5988bf48324408295372721b9bd7b4816a9cedf4,0,47.4355003,-122.3163493,1300,-1,-1,-1,-1,-1,190312000000.0
122,1552424829,f32492e1387ee27bb34969fb5988bf48324408295372721b9bd7b4816a9cedf4,0,47.4727479,-122.2065817,1000,-1,-1,-1,-1,-1,190312000000.0
123,1552450576,f32492e1387ee27bb34969fb5988bf48324408295372721b9bd7b4816a9cedf4,0,47.5651336,-122.0224265,1400,-1,-1,-1,-1,-1,190312000000.0
124,1552558005,f32492e1387ee27bb34969fb5988bf48324408295372721b9bd7b4816a9cedf4,0,47.5651336,-122.0224265,1400,-1,-1,-1,-1,-1,190314000000.0
125,1552744677,f32492e1387ee27bb34969fb5988bf48324408295372721b9bd7b4816a9cedf4,0,47.5651336,-122.0224265,1200,-1,-1,-1,-1,-1,190316000000.0
126,1552762900,f32492e1387ee27bb34969fb5988bf48324408295372721b9bd7b4816a9cedf4,0,47.5497585,-122.0213735,1000,-1,-1,-1,-1,-1,190316000000.0
127,1552771451,f32492e1387ee27bb34969fb5988bf48324408295372721b9bd7b4816a9cedf4,0,47.5362588,-122.0285562,1100,-1,-1,-1,-1,-1,190316000000.0
128,1553567382,f32492e1387ee27bb34969fb5988bf48324408295372721b9bd7b4816a9cedf4,0,47.5228765,-122.1988588,116,-1,-1,-1,-1,-1,190325000000.0
129,1553767414,f32492e1387ee27bb34969fb5988bf48324408295372721b9bd7b4816a9cedf4,0,47.5652655,-122.022003,1600,-1,-1,-1,-1,-1,190328000000.0
130,1553813656,f32492e1387ee27bb34969fb5988bf48324408295372721b9bd7b4816a9cedf4,0,47.6502374,-122.1444619,1604,-1,-1,-1,-1,-1,190328000000.0
131,1553912886,f32492e1387ee27bb34969fb5988bf48324408295372721b9bd7b4816a9cedf4,0,47.6472618,-122.0867729,1100,-1,-1,-1,-1,-1,190329000000.0
132,1553912887,f32492e1387ee27bb34969fb5988bf48324408295372721b9bd7b4816a9cedf4,0,47.6472618,-122.0867729,1100,-1,-1,-1,-1,-1,190329000000.0
133,1554207926,f32492e1387ee27bb34969fb5988bf48324408295372721b9bd7b4816a9cedf4,0,47.5648882,-122.0221182,1500,-1,-1,-1,-1,-1,190402000000.0
134,1554342443,f32492e1387ee27bb34969fb5988bf48324408295372721b9bd7b4816a9cedf4,0,47.6657475,-122.1126592,128,-1,-1,-1,-1,-1,190403000000.0
135,1554381513,f32492e1387ee27bb34969fb5988bf48324408295372721b9bd7b4816a9cedf4,0,47.5635696,-122.0263519,1800,-1,-1,-1,-1,-1,190404000000.0
136,1555148343,f32492e1387ee27bb34969fb5988bf48324408295372721b9bd7b4816a9cedf4,0,47.5647565,-122.0225416,1400,-1,-1,-1,-1,-1,190413000000.0
137,1555157466,f32492e1387ee27bb34969fb5988bf48324408295372721b9bd7b4816a9cedf4,0,47.5647565,-122.0225416,1400,-1,-1,-1,-1,-1,190413000000.0
138,1555505305,f32492e1387ee27bb34969fb5988bf48324408295372721b9bd7b4816a9cedf4,0,47.572343,-122.0255904,1100,-1,-1,-1,-1,-1,190417000000.0
139,1555671556,f32492e1387ee27bb34969fb5988bf48324408295372721b9bd7b4816a9cedf4,0,47.5604378,-122.0265414,1700,-1,-1,-1,-1,-1,190419000000.0
140,1556308420,f32492e1387ee27bb34969fb5988bf48324408295372721b9bd7b4816a9cedf4,0,47.6364003,-122.1434281,900,-1,-1,-1,-1,-1,190426000000.0
141,1556308857,f32492e1387ee27bb34969fb5988bf48324408295372721b9bd7b4816a9cedf4,0,47.6389051,-122.1391254,172,-1,-1,-1,-1,-1,190426000000.0
142,1556310801,f32492e1387ee27bb34969fb5988bf48324408295372721b9bd7b4816a9cedf4,0,47.6364003,-122.1434281,900,-1,-1,-1,-1,-1,190426000000.0
143,1556311643,f32492e1387ee27bb34969fb5988bf48324408295372721b9bd7b4816a9cedf4,0,47.6370635,-122.1413082,1200,-1,-1,-1,-1,-1,190426000000.0
144,1556311802,f32492e1387ee27bb34969fb5988bf48324408295372721b9bd7b4816a9cedf4,0,47.629816,-122.1327551,800,-1,-1,-1,-1,-1,190426000000.0
145,1556323828,f32492e1387ee27bb34969fb5988bf48324408295372721b9bd7b4816a9cedf4,0,47.6675229,-122.1270912,1300,-1,-1,-1,-1,-1,190426000000.0
146,1556324793,f32492e1387ee27bb34969fb5988bf48324408295372721b9bd7b4816a9cedf4,0,47.6710792,-122.1244766,1100,-1,-1,-1,-1,-1,190426000000.0
147,1573974445,6db93f996408d398cebdb6ef77e68f88aaafc714d4ff05d914fcc4397eb8e94c,0,47.1481899,-122.3123727,1300,-1,-1,-1,-1,-1,191116000000.0
148,1573981884,6db93f996408d398cebdb6ef77e68f88aaafc714d4ff05d914fcc4397eb8e94c,0,47.1481899,-122.3123727,1300,-1,-1,-1,-1,-1,191117000000.0
149,1574148302,6db93f996408d398cebdb6ef77e68f88aaafc714d4ff05d914fcc4397eb8e94c,0,47.1479118,-122.3096997,1243,-1,-1,-1,-1,-1,191118000000.0
150,1574155454,6db93f996408d398cebdb6ef77e68f88aaafc714d4ff05d914fcc4397eb8e94c,0,47.1481899,-122.3123727,1300,-1,-1,-1,-1,-1,191119000000.0
151,1574179376,6db93f996408d398cebdb6ef77e68f88aaafc714d4ff05d914fcc4397eb8e94c,0,47.1521548,-122.3127119,900,-1,-1,-1,-1,-1,191119000000.0
152,1574179566,6db93f996408d398cebdb6ef77e68f88aaafc714d4ff05d914fcc4397eb8e94c,0,47.1467221,-122.315243,110,-1,-1,-1,-1,-1,191119000000.0
153,1574182000,6db93f996408d398cebdb6ef77e68f88aaafc714d4ff05d914fcc4397eb8e94c,0,47.1521548,-122.3127119,900,-1,-1,-1,-1,-1,191119000000.0
154,1574205189,6db93f996408d398cebdb6ef77e68f88aaafc714d4ff05d914fcc4397eb8e94c,0,47.1467207,-122.3156303,142,-1,-1,-1,-1,-1,191119000000.0
155,1574213350,6db93f996408d398cebdb6ef77e68f88aaafc714d4ff05d914fcc4397eb8e94c,0,47.1481899,-122.3123727,1300,-1,-1,-1,-1,-1,191119000000.0
156,1574216182,6db93f996408d398cebdb6ef77e68f88aaafc714d4ff05d914fcc4397eb8e94c,0,47.1471512,-122.3162658,128,-1,-1,-1,-1,-1,191119000000.0
157,1574222860,6db93f996408d398cebdb6ef77e68f88aaafc714d4ff05d914fcc4397eb8e94c,0,47.1472714,-122.316368,116,-1,-1,-1,-1,-1,191119000000.0
158,1574227038,6db93f996408d398cebdb6ef77e68f88aaafc714d4ff05d914fcc4397eb8e94c,0,47.1467221,-122.315243,104,-1,-1,-1,-1,-1,191119000000.0
159,1574233773,6db93f996408d398cebdb6ef77e68f88aaafc714d4ff05d914fcc4397eb8e94c,0,47.1598333,-122.3040027,116,-1,-1,-1,-1,-1,191119000000.0
160,1574235219,6db93f996408d398cebdb6ef77e68f88aaafc714d4ff05d914fcc4397eb8e94c,0,47.1481899,-122.3123727,1200,-1,-1,-1,-1,-1,191119000000.0
161,1574236991,6db93f996408d398cebdb6ef77e68f88aaafc714d4ff05d914fcc4397eb8e94c,0,47.1472392,-122.3151798,128,-1,-1,-1,-1,-1,191120000000.0
162,1574237281,6db93f996408d398cebdb6ef77e68f88aaafc714d4ff05d914fcc4397eb8e94c,0,47.1481899,-122.3123727,1200,-1,-1,-1,-1,-1,191120000000.0
163,1574239093,6db93f996408d398cebdb6ef77e68f88aaafc714d4ff05d914fcc4397eb8e94c,0,47.1481899,-122.3123727,1200,-1,-1,-1,-1,-1,191120000000.0
164,1574240833,6db93f996408d398cebdb6ef77e68f88aaafc714d4ff05d914fcc4397eb8e94c,0,47.1467207,-122.3156303,142,-1,-1,-1,-1,-1,191120000000.0
165,1574241176,6db93f996408d398cebdb6ef77e68f88aaafc714d4ff05d914fcc4397eb8e94c,0,47.1471823,-122.3154398,142,-1,-1,-1,-1,-1,191120000000.0
166,1574242677,6db93f996408d398cebdb6ef77e68f88aaafc714d4ff05d914fcc4397eb8e94c,0,47.1474503,-122.3151616,110,-1,-1,-1,-1,-1,191120000000.0
167,1574244779,6db93f996408d398cebdb6ef77e68f88aaafc714d4ff05d914fcc4397eb8e94c,0,47.1467221,-122.315243,110,-1,-1,-1,-1,-1,191120000000.0
168,1574245685,6db93f996408d398cebdb6ef77e68f88aaafc714d4ff05d914fcc4397eb8e94c,0,47.1481899,-122.3123727,1200,-1,-1,-1,-1,-1,191120000000.0
169,1574246342,6db93f996408d398cebdb6ef77e68f88aaafc714d4ff05d914fcc4397eb8e94c,0,47.1520227,-122.3131308,900,-1,-1,-1,-1,-1,191120000000.0
170,1574246642,6db93f996408d398cebdb6ef77e68f88aaafc714d4ff05d914fcc4397eb8e94c,0,47.1481899,-122.3123727,1200,-1,-1,-1,-1,-1,191120000000.0
171,1574251926,6db93f996408d398cebdb6ef77e68f88aaafc714d4ff05d914fcc4397eb8e94c,0,47.1467221,-122.315243,110,-1,-1,-1,-1,-1,191120000000.0
172,1574252527,6db93f996408d398cebdb6ef77e68f88aaafc714d4ff05d914fcc4397eb8e94c,0,47.1467221,-122.315243,110,-1,-1,-1,-1,-1,191120000000.0
173,1574252819,6db93f996408d398cebdb6ef77e68f88aaafc714d4ff05d914fcc4397eb8e94c,0,47.1481899,-122.3123727,1200,-1,-1,-1,-1,-1,191120000000.0
174,1574261975,6db93f996408d398cebdb6ef77e68f88aaafc714d4ff05d914fcc4397eb8e94c,0,47.1471512,-122.3162658,128,-1,-1,-1,-1,-1,191120000000.0
175,1574263445,6db93f996408d398cebdb6ef77e68f88aaafc714d4ff05d914fcc4397eb8e94c,0,47.1481899,-122.3123727,1200,-1,-1,-1,-1,-1,191120000000.0
176,1574265108,6db93f996408d398cebdb6ef77e68f88aaafc714d4ff05d914fcc4397eb8e94c,0,47.1727417,-122.2959731,104,-1,-1,-1,-1,-1,191120000000.0
177,1574265230,6db93f996408d398cebdb6ef77e68f88aaafc714d4ff05d914fcc4397eb8e94c,0,47.1719561,-122.2961921,1200,-1,-1,-1,-1,-1,191120000000.0
178,1574265554,6db93f996408d398cebdb6ef77e68f88aaafc714d4ff05d914fcc4397eb8e94c,0,47.1998107,-122.2810564,1300,-1,-1,-1,-1,-1,191120000000.0
179,1574265805,6db93f996408d398cebdb6ef77e68f88aaafc714d4ff05d914fcc4397eb8e94c,0,47.2055661,-122.2519816,1200,-1,-1,-1,-1,-1,191120000000.0
180,1574266147,6db93f996408d398cebdb6ef77e68f88aaafc714d4ff05d914fcc4397eb8e94c,0,47.2274883,-122.2492295,1200,-1,-1,-1,-1,-1,191120000000.0
181,1574266410,6db93f996408d398cebdb6ef77e68f88aaafc714d4ff05d914fcc4397eb8e94c,0,47.2765587,-122.2598936,104,-1,-1,-1,-1,-1,191120000000.0
182,1574267009,6db93f996408d398cebdb6ef77e68f88aaafc714d4ff05d914fcc4397eb8e94c,0,47.346669,-122.1391905,1400,-1,-1,-1,-1,-1,191120000000.0
183,1574267462,6db93f996408d398cebdb6ef77e68f88aaafc714d4ff05d914fcc4397eb8e94c,0,47.3890055,-122.1041384,110,-1,-1,-1,-1,-1,191120000000.0
184,1574320432,6db93f996408d398cebdb6ef77e68f88aaafc714d4ff05d914fcc4397eb8e94c,0,47.1700998,-122.3285758,135,-1,-1,-1,-1,-1,191120000000.0
185,1574322509,6db93f996408d398cebdb6ef77e68f88aaafc714d4ff05d914fcc4397eb8e94c,0,47.1471823,-122.3154398,110,-1,-1,-1,-1,-1,191120000000.0
186,1574328850,6db93f996408d398cebdb6ef77e68f88aaafc714d4ff05d914fcc4397eb8e94c,0,47.1462134,-122.3154907,142,-1,-1,-1,-1,-1,191121000000.0
187,1574329170,6db93f996408d398cebdb6ef77e68f88aaafc714d4ff05d914fcc4397eb8e94c,0,47.1481899,-122.3123727,1300,-1,-1,-1,-1,-1,191121000000.0
188,1574329472,6db93f996408d398cebdb6ef77e68f88aaafc714d4ff05d914fcc4397eb8e94c,0,47.1474503,-122.3151616,116,-1,-1,-1,-1,-1,191121000000.0
189,1574372032,6db93f996408d398cebdb6ef77e68f88aaafc714d4ff05d914fcc4397eb8e94c,0,47.1521548,-122.3127119,900,-1,-1,-1,-1,-1,191121000000.0
190,1574372332,6db93f996408d398cebdb6ef77e68f88aaafc714d4ff05d914fcc4397eb8e94c,0,47.1481899,-122.3123727,1300,-1,-1,-1,-1,-1,191121000000.0
191,1574381333,6db93f996408d398cebdb6ef77e68f88aaafc714d4ff05d914fcc4397eb8e94c,0,47.1437201,-122.3512674,1100,-1,-1,-1,-1,-1,191121000000.0
192,1574381635,6db93f996408d398cebdb6ef77e68f88aaafc714d4ff05d914fcc4397eb8e94c,0,47.1431243,-122.3563769,1500,-1,-1,-1,-1,-1,191121000000.0
193,1574382540,6db93f996408d398cebdb6ef77e68f88aaafc714d4ff05d914fcc4397eb8e94c,0,47.1394901,-122.3582122,1700,-1,-1,-1,-1,-1,191121000000.0
194,1574382690,6db93f996408d398cebdb6ef77e68f88aaafc714d4ff05d914fcc4397eb8e94c,0,47.1431243,-122.3563769,1500,-1,-1,-1,-1,-1,191121000000.0
195,1574387518,6db93f996408d398cebdb6ef77e68f88aaafc714d4ff05d914fcc4397eb8e94c,0,47.1399968,-122.3576827,1600,-1,-1,-1,-1,-1,191121000000.0
196,1574387951,6db93f996408d398cebdb6ef77e68f88aaafc714d4ff05d914fcc4397eb8e94c,0,47.1431243,-122.3563769,1500,-1,-1,-1,-1,-1,191121000000.0
197,1574389180,6db93f996408d398cebdb6ef77e68f88aaafc714d4ff05d914fcc4397eb8e94c,0,47.1431243,-122.3563769,1500,-1,-1,-1,-1,-1,191121000000.0
198,1574396211,6db93f996408d398cebdb6ef77e68f88aaafc714d4ff05d914fcc4397eb8e94c,0,47.1481899,-122.3123727,1300,-1,-1,-1,-1,-1,191121000000.0
199,1574401883,6db93f996408d398cebdb6ef77e68f88aaafc714d4ff05d914fcc4397eb8e94c,0,47.146874,-122.3168419,122,-1,-1,-1,-1,-1,191121000000.0
200,1574405972,6db93f996408d398cebdb6ef77e68f88aaafc714d4ff05d914fcc4397eb8e94c,0,47.1481899,-122.3123727,1300,-1,-1,-1,-1,-1,191121000000.0
201,1574445088,6db93f996408d398cebdb6ef77e68f88aaafc714d4ff05d914fcc4397eb8e94c,0,47.301602,-122.2232361,1300,-1,-1,-1,-1,-1,191122000000.0
202,1574451510,6db93f996408d398cebdb6ef77e68f88aaafc714d4ff05d914fcc4397eb8e94c,0,47.3891575,-122.1034603,300,-1,-1,-1,-1,-1,191122000000.0
203,1574451811,6db93f996408d398cebdb6ef77e68f88aaafc714d4ff05d914fcc4397eb8e94c,0,47.3947051,-122.0998721,1200,-1,-1,-1,-1,-1,191122000000.0
204,1574459270,6db93f996408d398cebdb6ef77e68f88aaafc714d4ff05d914fcc4397eb8e94c,0,47.3883477,-122.1071396,1300,-1,-1,-1,-1,-1,191122000000.0
205,1574475819,6db93f996408d398cebdb6ef77e68f88aaafc714d4ff05d914fcc4397eb8e94c,0,47.3824649,-122.1379159,1400,-1,-1,-1,-1,-1,191122000000.0
206,1574476598,6db93f996408d398cebdb6ef77e68f88aaafc714d4ff05d914fcc4397eb8e94c,0,47.3864099,-122.1501804,128,-1,-1,-1,-1,-1,191122000000.0
207,1574476759,6db93f996408d398cebdb6ef77e68f88aaafc714d4ff05d914fcc4397eb8e94c,0,47.3824649,-122.1379159,1400,-1,-1,-1,-1,-1,191122000000.0
208,1574489621,6db93f996408d398cebdb6ef77e68f88aaafc714d4ff05d914fcc4397eb8e94c,0,47.1467221,-122.315243,110,-1,-1,-1,-1,-1,191122000000.0
209,1574489787,6db93f996408d398cebdb6ef77e68f88aaafc714d4ff05d914fcc4397eb8e94c,0,47.1521548,-122.3127119,900,-1,-1,-1,-1,-1,191122000000.0
210,1574490475,6db93f996408d398cebdb6ef77e68f88aaafc714d4ff05d914fcc4397eb8e94c,0,47.1488068,-122.3125688,1300,-1,-1,-1,-1,-1,191122000000.0
211,1574494289,6db93f996408d398cebdb6ef77e68f88aaafc714d4ff05d914fcc4397eb8e94c,0,47.1488068,-122.3125688,1300,-1,-1,-1,-1,-1,191122000000.0
212,1574543118,6db93f996408d398cebdb6ef77e68f88aaafc714d4ff05d914fcc4397eb8e94c,0,47.150733,-122.4353464,1200,-1,-1,-1,-1,-1,191123000000.0
213,1574544964,6db93f996408d398cebdb6ef77e68f88aaafc714d4ff05d914fcc4397eb8e94c,0,47.1520754,-122.4364696,800,-1,-1,-1,-1,-1,191123000000.0
214,1574545717,6db93f996408d398cebdb6ef77e68f88aaafc714d4ff05d914fcc4397eb8e94c,0,47.150733,-122.4353464,1200,-1,-1,-1,-1,-1,191123000000.0
215,1574548679,6db93f996408d398cebdb6ef77e68f88aaafc714d4ff05d914fcc4397eb8e94c,0,47.1494718,-122.4365658,128,-1,-1,-1,-1,-1,191123000000.0
216,1574548993,6db93f996408d398cebdb6ef77e68f88aaafc714d4ff05d914fcc4397eb8e94c,0,47.1491139,-122.435577,116,-1,-1,-1,-1,-1,191123000000.0
217,1574563945,6db93f996408d398cebdb6ef77e68f88aaafc714d4ff05d914fcc4397eb8e94c,0,47.150733,-122.4353464,1200,-1,-1,-1,-1,-1,191123000000.0
218,1574564066,6db93f996408d398cebdb6ef77e68f88aaafc714d4ff05d914fcc4397eb8e94c,0,47.1520754,-122.4364696,800,-1,-1,-1,-1,-1,191123000000.0
219,1574564390,6db93f996408d398cebdb6ef77e68f88aaafc714d4ff05d914fcc4397eb8e94c,0,47.1494777,-122.4366515,104,-1,-1,-1,-1,-1,191123000000.0
220,1574565916,6db93f996408d398cebdb6ef77e68f88aaafc714d4ff05d914fcc4397eb8e94c,0,47.1548966,-122.4136219,1300,-1,-1,-1,-1,-1,191123000000.0
221,1574566076,6db93f996408d398cebdb6ef77e68f88aaafc714d4ff05d914fcc4397eb8e94c,0,47.1399826,-122.3812894,110,-1,-1,-1,-1,-1,191123000000.0
222,1574566680,6db93f996408d398cebdb6ef77e68f88aaafc714d4ff05d914fcc4397eb8e94c,0,47.1488068,-122.3125688,1300,-1,-1,-1,-1,-1,191123000000.0
223,1574573361,6db93f996408d398cebdb6ef77e68f88aaafc714d4ff05d914fcc4397eb8e94c,0,47.1488068,-122.3125688,1300,-1,-1,-1,-1,-1,191123000000.0
224,1574576460,6db93f996408d398cebdb6ef77e68f88aaafc714d4ff05d914fcc4397eb8e94c,0,47.1521548,-122.3127119,900,-1,-1,-1,-1,-1,191123000000.0
225,1574576701,6db93f996408d398cebdb6ef77e68f88aaafc714d4ff05d914fcc4397eb8e94c,0,47.1488068,-122.3125688,1300,-1,-1,-1,-1,-1,191123000000.0
226,1574581777,6db93f996408d398cebdb6ef77e68f88aaafc714d4ff05d914fcc4397eb8e94c,0,47.1488068,-122.3125688,1300,-1,-1,-1,-1,-1,191123000000.0
227,1574582011,6db93f996408d398cebdb6ef77e68f88aaafc714d4ff05d914fcc4397eb8e94c,0,47.1521548,-122.3127119,900,-1,-1,-1,-1,-1,191123000000.0
228,1574582400,6db93f996408d398cebdb6ef77e68f88aaafc714d4ff05d914fcc4397eb8e94c,0,47.1474503,-122.3151616,110,-1,-1,-1,-1,-1,191124000000.0
229,1574583586,6db93f996408d398cebdb6ef77e68f88aaafc714d4ff05d914fcc4397eb8e94c,0,47.1488068,-122.3125688,1300,-1,-1,-1,-1,-1,191124000000.0
230,1574584804,6db93f996408d398cebdb6ef77e68f88aaafc714d4ff05d914fcc4397eb8e94c,0,47.1521548,-122.3127119,900,-1,-1,-1,-1,-1,191124000000.0
231,1574585794,6db93f996408d398cebdb6ef77e68f88aaafc714d4ff05d914fcc4397eb8e94c,0,47.1488068,-122.3125688,1300,-1,-1,-1,-1,-1,191124000000.0
232,1574587599,6db93f996408d398cebdb6ef77e68f88aaafc714d4ff05d914fcc4397eb8e94c,0,47.1488068,-122.3125688,1300,-1,-1,-1,-1,-1,191124000000.0
233,1574588189,6db93f996408d398cebdb6ef77e68f88aaafc714d4ff05d914fcc4397eb8e94c,0,47.1521548,-122.3127119,900,-1,-1,-1,-1,-1,191124000000.0
234,1574588462,6db93f996408d398cebdb6ef77e68f88aaafc714d4ff05d914fcc4397eb8e94c,0,47.1488068,-122.3125688,1300,-1,-1,-1,-1,-1,191124000000.0
235,1574588598,6db93f996408d398cebdb6ef77e68f88aaafc714d4ff05d914fcc4397eb8e94c,0,47.1521548,-122.3127119,900,-1,-1,-1,-1,-1,191124000000.0
236,1574588919,6db93f996408d398cebdb6ef77e68f88aaafc714d4ff05d914fcc4397eb8e94c,0,47.1488068,-122.3125688,1300,-1,-1,-1,-1,-1,191124000000.0
237,1574590836,6db93f996408d398cebdb6ef77e68f88aaafc714d4ff05d914fcc4397eb8e94c,0,47.1521548,-122.3127119,900,-1,-1,-1,-1,-1,191124000000.0
238,1574591436,6db93f996408d398cebdb6ef77e68f88aaafc714d4ff05d914fcc4397eb8e94c,0,47.1460521,-122.3073163,900,-1,-1,-1,-1,-1,191124000000.0
239,1574592338,6db93f996408d398cebdb6ef77e68f88aaafc714d4ff05d914fcc4397eb8e94c,0,47.1488068,-122.3125688,1300,-1,-1,-1,-1,-1,191124000000.0
240,1574593497,6db93f996408d398cebdb6ef77e68f88aaafc714d4ff05d914fcc4397eb8e94c,0,47.1471413,-122.315804,977,-1,-1,-1,-1,-1,191124000000.0
241,1574593776,6db93f996408d398cebdb6ef77e68f88aaafc714d4ff05d914fcc4397eb8e94c,0,47.1521548,-122.3127119,900,-1,-1,-1,-1,-1,191124000000.0
242,1574594431,6db93f996408d398cebdb6ef77e68f88aaafc714d4ff05d914fcc4397eb8e94c,0,47.1488068,-122.3125688,1300,-1,-1,-1,-1,-1,191124000000.0
243,1574595631,6db93f996408d398cebdb6ef77e68f88aaafc714d4ff05d914fcc4397eb8e94c,0,47.1521548,-122.3127119,900,-1,-1,-1,-1,-1,191124000000.0
244,1574596289,6db93f996408d398cebdb6ef77e68f88aaafc714d4ff05d914fcc4397eb8e94c,0,47.1488068,-122.3125688,1300,-1,-1,-1,-1,-1,191124000000.0
245,1574598066,6db93f996408d398cebdb6ef77e68f88aaafc714d4ff05d914fcc4397eb8e94c,0,47.1521548,-122.3127119,900,-1,-1,-1,-1,-1,191124000000.0
246,1574598741,6db93f996408d398cebdb6ef77e68f88aaafc714d4ff05d914fcc4397eb8e94c,0,47.1460334,-122.321362,600,-1,-1,-1,-1,-1,191124000000.0
247,1574599342,6db93f996408d398cebdb6ef77e68f88aaafc714d4ff05d914fcc4397eb8e94c,0,47.1488068,-122.3125688,1300,-1,-1,-1,-1,-1,191124000000.0
248,1574616738,6db93f996408d398cebdb6ef77e68f88aaafc714d4ff05d914fcc4397eb8e94c,0,47.1488068,-122.3125688,1300,-1,-1,-1,-1,-1,191124000000.0
249,1574617316,6db93f996408d398cebdb6ef77e68f88aaafc714d4ff05d914fcc4397eb8e94c,0,47.1474503,-122.3151616,135,-1,-1,-1,-1,-1,191124000000.0
250,1574617903,6db93f996408d398cebdb6ef77e68f88aaafc714d4ff05d914fcc4397eb8e94c,0,47.1474503,-122.3151616,116,-1,-1,-1,-1,-1,191124000000.0
251,1574619736,6db93f996408d398cebdb6ef77e68f88aaafc714d4ff05d914fcc4397eb8e94c,0,47.1474503,-122.3151616,104,-1,-1,-1,-1,-1,191124000000.0
252,1574621522,6db93f996408d398cebdb6ef77e68f88aaafc714d4ff05d914fcc4397eb8e94c,0,47.1467221,-122.315243,128,-1,-1,-1,-1,-1,191124000000.0
253,1574625732,6db93f996408d398cebdb6ef77e68f88aaafc714d4ff05d914fcc4397eb8e94c,0,47.1488068,-122.3125688,1300,-1,-1,-1,-1,-1,191124000000.0
254,1574633435,6db93f996408d398cebdb6ef77e68f88aaafc714d4ff05d914fcc4397eb8e94c,0,47.1488068,-122.3125688,1300,-1,-1,-1,-1,-1,191124000000.0
255,1574633945,6db93f996408d398cebdb6ef77e68f88aaafc714d4ff05d914fcc4397eb8e94c,0,47.1462134,-122.3154907,128,-1,-1,-1,-1,-1,191124000000.0
256,1574634257,6db93f996408d398cebdb6ef77e68f88aaafc714d4ff05d914fcc4397eb8e94c,0,47.1488068,-122.3125688,1300,-1,-1,-1,-1,-1,191124000000.0
257,1574634807,6db93f996408d398cebdb6ef77e68f88aaafc714d4ff05d914fcc4397eb8e94c,0,47.1488068,-122.3125688,1300,-1,-1,-1,-1,-1,191124000000.0
258,1574642977,6db93f996408d398cebdb6ef77e68f88aaafc714d4ff05d914fcc4397eb8e94c,0,47.1467207,-122.3156303,122,-1,-1,-1,-1,-1,191124000000.0
259,1574660688,6db93f996408d398cebdb6ef77e68f88aaafc714d4ff05d914fcc4397eb8e94c,0,47.1462134,-122.3154907,116,-1,-1,-1,-1,-1,191124000000.0
260,1574665806,6db93f996408d398cebdb6ef77e68f88aaafc714d4ff05d914fcc4397eb8e94c,0,47.146874,-122.3168419,116,-1,-1,-1,-1,-1,191124000000.0
261,1574666114,6db93f996408d398cebdb6ef77e68f88aaafc714d4ff05d914fcc4397eb8e94c,0,47.1474503,-122.3151616,116,-1,-1,-1,-1,-1,191124000000.0
262,1574666417,6db93f996408d398cebdb6ef77e68f88aaafc714d4ff05d914fcc4397eb8e94c,0,47.1471823,-122.3154398,104,-1,-1,-1,-1,-1,191124000000.0
263,1574667019,6db93f996408d398cebdb6ef77e68f88aaafc714d4ff05d914fcc4397eb8e94c,0,47.1467012,-122.3166042,135,-1,-1,-1,-1,-1,191124000000.0
264,1574674269,6db93f996408d398cebdb6ef77e68f88aaafc714d4ff05d914fcc4397eb8e94c,0,47.146874,-122.3168419,110,-1,-1,-1,-1,-1,191125000000.0
265,1574701153,6db93f996408d398cebdb6ef77e68f88aaafc714d4ff05d914fcc4397eb8e94c,0,47.1632311,-122.29803,700,-1,-1,-1,-1,-1,191125000000.0
266,1574701757,6db93f996408d398cebdb6ef77e68f88aaafc714d4ff05d914fcc4397eb8e94c,0,47.3061305,-122.1771801,9423,-1,-1,-1,-1,-1,191125000000.0
267,1574702364,6db93f996408d398cebdb6ef77e68f88aaafc714d4ff05d914fcc4397eb8e94c,0,47.3359833,-122.1758567,7122,-1,-1,-1,-1,-1,191125000000.0
268,1574702667,6db93f996408d398cebdb6ef77e68f88aaafc714d4ff05d914fcc4397eb8e94c,0,47.3305604,-122.1558649,1400,-1,-1,-1,-1,-1,191125000000.0
269,1574708661,6db93f996408d398cebdb6ef77e68f88aaafc714d4ff05d914fcc4397eb8e94c,0,47.3892256,-122.1037319,135,-1,-1,-1,-1,-1,191125000000.0
270,1574719724,6db93f996408d398cebdb6ef77e68f88aaafc714d4ff05d914fcc4397eb8e94c,0,47.3908319,-122.1002822,1300,-1,-1,-1,-1,-1,191125000000.0
271,1574735872,6db93f996408d398cebdb6ef77e68f88aaafc714d4ff05d914fcc4397eb8e94c,0,47.3814738,-122.085568,1800,-1,-1,-1,-1,-1,191125000000.0
272,1574736123,6db93f996408d398cebdb6ef77e68f88aaafc714d4ff05d914fcc4397eb8e94c,0,47.358425,-122.1146694,1100,-1,-1,-1,-1,-1,191125000000.0
273,1574737009,6db93f996408d398cebdb6ef77e68f88aaafc714d4ff05d914fcc4397eb8e94c,0,47.3301848,-122.1559781,1400,-1,-1,-1,-1,-1,191125000000.0
274,1574737331,6db93f996408d398cebdb6ef77e68f88aaafc714d4ff05d914fcc4397eb8e94c,0,47.2997785,-122.2550103,1200,-1,-1,-1,-1,-1,191125000000.0
275,1574737454,6db93f996408d398cebdb6ef77e68f88aaafc714d4ff05d914fcc4397eb8e94c,0,47.2691013,-122.258471,1200,-1,-1,-1,-1,-1,191125000000.0
276,1574737699,6db93f996408d398cebdb6ef77e68f88aaafc714d4ff05d914fcc4397eb8e94c,0,47.2493843,-122.2552329,1200,-1,-1,-1,-1,-1,191125000000.0
277,1574737822,6db93f996408d398cebdb6ef77e68f88aaafc714d4ff05d914fcc4397eb8e94c,0,47.2279953,-122.2486976,700,-1,-1,-1,-1,-1,191125000000.0
278,1574738133,6db93f996408d398cebdb6ef77e68f88aaafc714d4ff05d914fcc4397eb8e94c,0,47.2033071,-122.2667151,1300,-1,-1,-1,-1,-1,191125000000.0
279,1574738257,6db93f996408d398cebdb6ef77e68f88aaafc714d4ff05d914fcc4397eb8e94c,0,47.2024891,-122.2639196,1400,-1,-1,-1,-1,-1,191125000000.0
280,1574738386,6db93f996408d398cebdb6ef77e68f88aaafc714d4ff05d914fcc4397eb8e94c,0,47.1987291,-122.2790993,1200,-1,-1,-1,-1,-1,191125000000.0
281,1574738534,6db93f996408d398cebdb6ef77e68f88aaafc714d4ff05d914fcc4397eb8e94c,0,47.1957133,-122.2875966,1500,-1,-1,-1,-1,-1,191125000000.0
282,1574738680,6db93f996408d398cebdb6ef77e68f88aaafc714d4ff05d914fcc4397eb8e94c,0,47.1723307,-122.2960806,1100,-1,-1,-1,-1,-1,191125000000.0
283,1574738928,6db93f996408d398cebdb6ef77e68f88aaafc714d4ff05d914fcc4397eb8e94c,0,47.1626805,-122.3008395,104,-1,-1,-1,-1,-1,191125000000.0
284,1574739048,6db93f996408d398cebdb6ef77e68f88aaafc714d4ff05d914fcc4397eb8e94c,0,47.1597762,-122.3100664,1600,-1,-1,-1,-1,-1,191125000000.0
285,1574740241,6db93f996408d398cebdb6ef77e68f88aaafc714d4ff05d914fcc4397eb8e94c,0,47.1477488,-122.309468,1200,-1,-1,-1,-1,-1,191125000000.0
286,1574754144,6db93f996408d398cebdb6ef77e68f88aaafc714d4ff05d914fcc4397eb8e94c,0,47.1477488,-122.309468,1200,-1,-1,-1,-1,-1,191125000000.0
287,1574766996,6db93f996408d398cebdb6ef77e68f88aaafc714d4ff05d914fcc4397eb8e94c,0,47.1477488,-122.309468,1200,-1,-1,-1,-1,-1,191126000000.0
288,1574782545,6db93f996408d398cebdb6ef77e68f88aaafc714d4ff05d914fcc4397eb8e94c,0,47.1467207,-122.3152434,116,-1,-1,-1,-1,-1,191126000000.0
289,1574783771,6db93f996408d398cebdb6ef77e68f88aaafc714d4ff05d914fcc4397eb8e94c,0,47.1467207,-122.3152434,110,-1,-1,-1,-1,-1,191126000000.0
290,1574788860,6db93f996408d398cebdb6ef77e68f88aaafc714d4ff05d914fcc4397eb8e94c,0,47.1474503,-122.3151704,122,-1,-1,-1,-1,-1,191126000000.0
291,1574789162,6db93f996408d398cebdb6ef77e68f88aaafc714d4ff05d914fcc4397eb8e94c,0,47.1467207,-122.3152434,122,-1,-1,-1,-1,-1,191126000000.0
292,1574790276,6db93f996408d398cebdb6ef77e68f88aaafc714d4ff05d914fcc4397eb8e94c,0,47.1467207,-122.3152434,104,-1,-1,-1,-1,-1,191126000000.0
293,1574794058,6db93f996408d398cebdb6ef77e68f88aaafc714d4ff05d914fcc4397eb8e94c,0,47.1471491,-122.3162723,110,-1,-1,-1,-1,-1,191126000000.0
294,1574794395,6db93f996408d398cebdb6ef77e68f88aaafc714d4ff05d914fcc4397eb8e94c,0,47.1471763,-122.3154505,104,-1,-1,-1,-1,-1,191126000000.0
295,1574796259,6db93f996408d398cebdb6ef77e68f88aaafc714d4ff05d914fcc4397eb8e94c,0,47.1467207,-122.3152434,122,-1,-1,-1,-1,-1,191126000000.0
296,1574798899,6db93f996408d398cebdb6ef77e68f88aaafc714d4ff05d914fcc4397eb8e94c,0,47.1467207,-122.3152434,110,-1,-1,-1,-1,-1,191126000000.0
297,1574802085,6db93f996408d398cebdb6ef77e68f88aaafc714d4ff05d914fcc4397eb8e94c,0,47.1477488,-122.309468,1200,-1,-1,-1,-1,-1,191126000000.0
298,1574802707,6db93f996408d398cebdb6ef77e68f88aaafc714d4ff05d914fcc4397eb8e94c,0,47.1477488,-122.309468,1200,-1,-1,-1,-1,-1,191126000000.0
299,1574803256,6db93f996408d398cebdb6ef77e68f88aaafc714d4ff05d914fcc4397eb8e94c,0,47.1526613,-122.3121819,1000,-1,-1,-1,-1,-1,191126000000.0
300,1574804168,6db93f996408d398cebdb6ef77e68f88aaafc714d4ff05d914fcc4397eb8e94c,0,47.1477488,-122.309468,1200,-1,-1,-1,-1,-1,191126000000.0
301,1574804773,6db93f996408d398cebdb6ef77e68f88aaafc714d4ff05d914fcc4397eb8e94c,0,47.1474503,-122.3151704,156,-1,-1,-1,-1,-1,191126000000.0
302,1574806236,6db93f996408d398cebdb6ef77e68f88aaafc714d4ff05d914fcc4397eb8e94c,0,47.1477488,-122.309468,1200,-1,-1,-1,-1,-1,191126000000.0
303,1574806538,6db93f996408d398cebdb6ef77e68f88aaafc714d4ff05d914fcc4397eb8e94c,0,47.1474503,-122.3151704,135,-1,-1,-1,-1,-1,191126000000.0
304,1574806840,6db93f996408d398cebdb6ef77e68f88aaafc714d4ff05d914fcc4397eb8e94c,0,47.1477488,-122.309468,1200,-1,-1,-1,-1,-1,191126000000.0
305,1574808240,6db93f996408d398cebdb6ef77e68f88aaafc714d4ff05d914fcc4397eb8e94c,0,47.1477488,-122.309468,1200,-1,-1,-1,-1,-1,191126000000.0
306,1574808844,6db93f996408d398cebdb6ef77e68f88aaafc714d4ff05d914fcc4397eb8e94c,0,47.1477488,-122.309468,1200,-1,-1,-1,-1,-1,191126000000.0
307,1574810351,6db93f996408d398cebdb6ef77e68f88aaafc714d4ff05d914fcc4397eb8e94c,0,47.1477488,-122.309468,1200,-1,-1,-1,-1,-1,191126000000.0
308,1574810848,6db93f996408d398cebdb6ef77e68f88aaafc714d4ff05d914fcc4397eb8e94c,0,47.1462111,-122.3154854,135,-1,-1,-1,-1,-1,191126000000.0
309,1574811157,6db93f996408d398cebdb6ef77e68f88aaafc714d4ff05d914fcc4397eb8e94c,0,47.1466891,-122.3163232,128,-1,-1,-1,-1,-1,191126000000.0
310,1574813878,6db93f996408d398cebdb6ef77e68f88aaafc714d4ff05d914fcc4397eb8e94c,0,47.1462111,-122.3154854,128,-1,-1,-1,-1,-1,191126000000.0
311,1574814502,6db93f996408d398cebdb6ef77e68f88aaafc714d4ff05d914fcc4397eb8e94c,0,47.1467207,-122.3152434,116,-1,-1,-1,-1,-1,191126000000.0
312,1574814986,6db93f996408d398cebdb6ef77e68f88aaafc714d4ff05d914fcc4397eb8e94c,0,47.1477488,-122.309468,1200,-1,-1,-1,-1,-1,191126000000.0
313,1574820872,6db93f996408d398cebdb6ef77e68f88aaafc714d4ff05d914fcc4397eb8e94c,0,47.1472674,-122.3163677,128,-1,-1,-1,-1,-1,191126000000.0
314,1574823124,6db93f996408d398cebdb6ef77e68f88aaafc714d4ff05d914fcc4397eb8e94c,0,47.1477488,-122.309468,1200,-1,-1,-1,-1,-1,191126000000.0
315,1574827502,6db93f996408d398cebdb6ef77e68f88aaafc714d4ff05d914fcc4397eb8e94c,0,47.1466891,-122.3163232,122,-1,-1,-1,-1,-1,191126000000.0
316,1574830862,6db93f996408d398cebdb6ef77e68f88aaafc714d4ff05d914fcc4397eb8e94c,0,47.1471491,-122.3162723,116,-1,-1,-1,-1,-1,191126000000.0
317,1574831164,6db93f996408d398cebdb6ef77e68f88aaafc714d4ff05d914fcc4397eb8e94c,0,47.1474503,-122.3151704,116,-1,-1,-1,-1,-1,191126000000.0
318,1574831614,6db93f996408d398cebdb6ef77e68f88aaafc714d4ff05d914fcc4397eb8e94c,0,47.1477488,-122.309468,1200,-1,-1,-1,-1,-1,191126000000.0
319,1574839471,6db93f996408d398cebdb6ef77e68f88aaafc714d4ff05d914fcc4397eb8e94c,0,47.1477488,-122.309468,1200,-1,-1,-1,-1,-1,191126000000.0
320,1574840675,6db93f996408d398cebdb6ef77e68f88aaafc714d4ff05d914fcc4397eb8e94c,0,47.1466858,-122.3165983,142,-1,-1,-1,-1,-1,191126000000.0
321,1574843078,6db93f996408d398cebdb6ef77e68f88aaafc714d4ff05d914fcc4397eb8e94c,0,47.1467207,-122.3152434,110,-1,-1,-1,-1,-1,191127000000.0
322,1574844293,6db93f996408d398cebdb6ef77e68f88aaafc714d4ff05d914fcc4397eb8e94c,0,47.1477488,-122.309468,1200,-1,-1,-1,-1,-1,191127000000.0
323,1574845524,6db93f996408d398cebdb6ef77e68f88aaafc714d4ff05d914fcc4397eb8e94c,0,47.1467207,-122.3152434,104,-1,-1,-1,-1,-1,191127000000.0
324,1574846278,6db93f996408d398cebdb6ef77e68f88aaafc714d4ff05d914fcc4397eb8e94c,0,47.1477488,-122.309468,1200,-1,-1,-1,-1,-1,191127000000.0
325,1574929526,6db93f996408d398cebdb6ef77e68f88aaafc714d4ff05d914fcc4397eb8e94c,0,47.1477969,-122.3096576,1253,-1,-1,-1,-1,-1,191128000000.0
326,1574929928,6db93f996408d398cebdb6ef77e68f88aaafc714d4ff05d914fcc4397eb8e94c,0,47.1462111,-122.3154854,135,-1,-1,-1,-1,-1,191128000000.0
327,1574942131,6db93f996408d398cebdb6ef77e68f88aaafc714d4ff05d914fcc4397eb8e94c,0,47.1467207,-122.3152434,122,-1,-1,-1,-1,-1,191128000000.0
328,1574944983,6db93f996408d398cebdb6ef77e68f88aaafc714d4ff05d914fcc4397eb8e94c,0,47.1474503,-122.3151704,110,-1,-1,-1,-1,-1,191128000000.0
329,1574952171,6db93f996408d398cebdb6ef77e68f88aaafc714d4ff05d914fcc4397eb8e94c,0,47.1474503,-122.3151704,104,-1,-1,-1,-1,-1,191128000000.0
330,1574979909,6db93f996408d398cebdb6ef77e68f88aaafc714d4ff05d914fcc4397eb8e94c,0,47.1481899,-122.3123727,1300,-1,-1,-1,-1,-1,191128000000.0
331,1574981382,6db93f996408d398cebdb6ef77e68f88aaafc714d4ff05d914fcc4397eb8e94c,0,47.1481899,-122.3123727,1300,-1,-1,-1,-1,-1,191128000000.0
332,1574982048,6db93f996408d398cebdb6ef77e68f88aaafc714d4ff05d914fcc4397eb8e94c,0,47.147214,-122.3160116,659,-1,-1,-1,-1,-1,191128000000.0
333,1574982978,6db93f996408d398cebdb6ef77e68f88aaafc714d4ff05d914fcc4397eb8e94c,0,47.1481899,-122.3123727,1300,-1,-1,-1,-1,-1,191128000000.0
334,1574987594,6db93f996408d398cebdb6ef77e68f88aaafc714d4ff05d914fcc4397eb8e94c,0,47.1481899,-122.3123727,1300,-1,-1,-1,-1,-1,191128000000.0
335,1574989351,6db93f996408d398cebdb6ef77e68f88aaafc714d4ff05d914fcc4397eb8e94c,0,47.1481899,-122.3123727,1300,-1,-1,-1,-1,-1,191128000000.0
336,1574991446,6db93f996408d398cebdb6ef77e68f88aaafc714d4ff05d914fcc4397eb8e94c,0,47.1474503,-122.3151704,104,-1,-1,-1,-1,-1,191128000000.0
337,1574996653,6db93f996408d398cebdb6ef77e68f88aaafc714d4ff05d914fcc4397eb8e94c,0,47.1544325,-122.3436278,116,-1,-1,-1,-1,-1,191128000000.0
338,1574998542,6db93f996408d398cebdb6ef77e68f88aaafc714d4ff05d914fcc4397eb8e94c,0,47.1491123,-122.4355774,122,-1,-1,-1,-1,-1,191128000000.0
339,1574998695,6db93f996408d398cebdb6ef77e68f88aaafc714d4ff05d914fcc4397eb8e94c,0,47.1498811,-122.4359398,122,-1,-1,-1,-1,-1,191128000000.0
340,1574998826,6db93f996408d398cebdb6ef77e68f88aaafc714d4ff05d914fcc4397eb8e94c,0,47.1505537,-122.4380561,1100,-1,-1,-1,-1,-1,191128000000.0
341,1574998967,6db93f996408d398cebdb6ef77e68f88aaafc714d4ff05d914fcc4397eb8e94c,0,47.1498875,-122.4359779,116,-1,-1,-1,-1,-1,191128000000.0
342,1574999239,6db93f996408d398cebdb6ef77e68f88aaafc714d4ff05d914fcc4397eb8e94c,0,47.1520754,-122.4364696,700,-1,-1,-1,-1,-1,191128000000.0
343,1575000104,6db93f996408d398cebdb6ef77e68f88aaafc714d4ff05d914fcc4397eb8e94c,0,47.1553048,-122.4408675,104,-1,-1,-1,-1,-1,191128000000.0
344,1575000653,6db93f996408d398cebdb6ef77e68f88aaafc714d4ff05d914fcc4397eb8e94c,0,47.1548238,-122.3762553,1591,-1,-1,-1,-1,-1,191128000000.0
345,1575001299,6db93f996408d398cebdb6ef77e68f88aaafc714d4ff05d914fcc4397eb8e94c,0,47.161047,-122.2894618,128,-1,-1,-1,-1,-1,191128000000.0
346,1575004315,6db93f996408d398cebdb6ef77e68f88aaafc714d4ff05d914fcc4397eb8e94c,0,47.1614075,-122.2893649,135,-1,-1,-1,-1,-1,191128000000.0
347,1575004616,6db93f996408d398cebdb6ef77e68f88aaafc714d4ff05d914fcc4397eb8e94c,0,47.1579271,-122.3159302,1300,-1,-1,-1,-1,-1,191128000000.0
348,1575006263,6db93f996408d398cebdb6ef77e68f88aaafc714d4ff05d914fcc4397eb8e94c,0,47.1481899,-122.3123727,1300,-1,-1,-1,-1,-1,191128000000.0
349,1575006957,6db93f996408d398cebdb6ef77e68f88aaafc714d4ff05d914fcc4397eb8e94c,0,47.1471763,-122.3154505,128,-1,-1,-1,-1,-1,191128000000.0
350,1575007957,6db93f996408d398cebdb6ef77e68f88aaafc714d4ff05d914fcc4397eb8e94c,0,47.1466858,-122.3165983,110,-1,-1,-1,-1,-1,191128000000.0
351,1575008559,6db93f996408d398cebdb6ef77e68f88aaafc714d4ff05d914fcc4397eb8e94c,0,47.1473403,-122.3166114,128,-1,-1,-1,-1,-1,191128000000.0
352,1575017157,6db93f996408d398cebdb6ef77e68f88aaafc714d4ff05d914fcc4397eb8e94c,0,47.1481899,-122.3123727,1300,-1,-1,-1,-1,-1,191129000000.0
353,1575022836,6db93f996408d398cebdb6ef77e68f88aaafc714d4ff05d914fcc4397eb8e94c,0,47.1481899,-122.3123727,1300,-1,-1,-1,-1,-1,191129000000.0
354,1575029224,6db93f996408d398cebdb6ef77e68f88aaafc714d4ff05d914fcc4397eb8e94c,0,47.1481899,-122.3123727,1300,-1,-1,-1,-1,-1,191129000000.0
355,1575032228,6db93f996408d398cebdb6ef77e68f88aaafc714d4ff05d914fcc4397eb8e94c,0,47.1462111,-122.3154854,128,-1,-1,-1,-1,-1,191129000000.0
356,1575035961,6db93f996408d398cebdb6ef77e68f88aaafc714d4ff05d914fcc4397eb8e94c,0,47.1481899,-122.3123727,1300,-1,-1,-1,-1,-1,191129000000.0
357,1575036299,6db93f996408d398cebdb6ef77e68f88aaafc714d4ff05d914fcc4397eb8e94c,0,47.1471763,-122.3154505,122,-1,-1,-1,-1,-1,191129000000.0
358,1575039859,6db93f996408d398cebdb6ef77e68f88aaafc714d4ff05d914fcc4397eb8e94c,0,47.1474503,-122.3151704,110,-1,-1,-1,-1,-1,191129000000.0
359,1575040905,6db93f996408d398cebdb6ef77e68f88aaafc714d4ff05d914fcc4397eb8e94c,0,47.1481899,-122.3123727,1300,-1,-1,-1,-1,-1,191129000000.0
360,1575043500,6db93f996408d398cebdb6ef77e68f88aaafc714d4ff05d914fcc4397eb8e94c,0,47.1481899,-122.3123727,1300,-1,-1,-1,-1,-1,191129000000.0
361,1575046464,6db93f996408d398cebdb6ef77e68f88aaafc714d4ff05d914fcc4397eb8e94c,0,47.1481899,-122.3123727,1300,-1,-1,-1,-1,-1,191129000000.0
362,1575048306,6db93f996408d398cebdb6ef77e68f88aaafc714d4ff05d914fcc4397eb8e94c,0,47.1462111,-122.3154854,128,-1,-1,-1,-1,-1,191129000000.0
363,1575049939,6db93f996408d398cebdb6ef77e68f88aaafc714d4ff05d914fcc4397eb8e94c,0,47.1527934,-122.3117631,1000,-1,-1,-1,-1,-1,191129000000.0
364,1575052916,6db93f996408d398cebdb6ef77e68f88aaafc714d4ff05d914fcc4397eb8e94c,0,47.1481899,-122.3123727,1300,-1,-1,-1,-1,-1,191129000000.0
365,1575053168,6db93f996408d398cebdb6ef77e68f88aaafc714d4ff05d914fcc4397eb8e94c,0,47.1481899,-122.3123727,1300,-1,-1,-1,-1,-1,191129000000.0
366,1575053638,6db93f996408d398cebdb6ef77e68f88aaafc714d4ff05d914fcc4397eb8e94c,0,47.1481899,-122.3123727,1300,-1,-1,-1,-1,-1,191129000000.0
367,1575053935,6db93f996408d398cebdb6ef77e68f88aaafc714d4ff05d914fcc4397eb8e94c,0,47.1472454,-122.3172948,122,-1,-1,-1,-1,-1,191129000000.0
368,1575055196,6db93f996408d398cebdb6ef77e68f88aaafc714d4ff05d914fcc4397eb8e94c,0,47.1481899,-122.3123727,1300,-1,-1,-1,-1,-1,191129000000.0
369,1575056104,6db93f996408d398cebdb6ef77e68f88aaafc714d4ff05d914fcc4397eb8e94c,0,47.1481899,-122.3123727,1300,-1,-1,-1,-1,-1,191129000000.0
370,1575057805,6db93f996408d398cebdb6ef77e68f88aaafc714d4ff05d914fcc4397eb8e94c,0,47.1481899,-122.3123727,1300,-1,-1,-1,-1,-1,191129000000.0
371,1575060006,6db93f996408d398cebdb6ef77e68f88aaafc714d4ff05d914fcc4397eb8e94c,0,47.1481899,-122.3123727,1300,-1,-1,-1,-1,-1,191129000000.0
372,1575062566,6db93f996408d398cebdb6ef77e68f88aaafc714d4ff05d914fcc4397eb8e94c,0,47.150733,-122.4353464,1100,-1,-1,-1,-1,-1,191129000000.0
373,1575062713,6db93f996408d398cebdb6ef77e68f88aaafc714d4ff05d914fcc4397eb8e94c,0,47.1520754,-122.4364696,700,-1,-1,-1,-1,-1,191129000000.0
374,1575062846,6db93f996408d398cebdb6ef77e68f88aaafc714d4ff05d914fcc4397eb8e94c,0,47.1491123,-122.4355774,122,-1,-1,-1,-1,-1,191129000000.0
375,1575065925,6db93f996408d398cebdb6ef77e68f88aaafc714d4ff05d914fcc4397eb8e94c,0,47.1476779,-122.4253488,116,-1,-1,-1,-1,-1,191129000000.0
376,1575066227,6db93f996408d398cebdb6ef77e68f88aaafc714d4ff05d914fcc4397eb8e94c,0,47.1442922,-122.3537542,1500,-1,-1,-1,-1,-1,191129000000.0
377,1575066620,6db93f996408d398cebdb6ef77e68f88aaafc714d4ff05d914fcc4397eb8e94c,0,47.1364292,-122.3580875,135,-1,-1,-1,-1,-1,191129000000.0
378,1575067959,6db93f996408d398cebdb6ef77e68f88aaafc714d4ff05d914fcc4397eb8e94c,0,47.1364292,-122.3580875,122,-1,-1,-1,-1,-1,191129000000.0
379,1575068346,6db93f996408d398cebdb6ef77e68f88aaafc714d4ff05d914fcc4397eb8e94c,0,47.1369119,-122.3583386,104,-1,-1,-1,-1,-1,191129000000.0
380,1575071304,6db93f996408d398cebdb6ef77e68f88aaafc714d4ff05d914fcc4397eb8e94c,0,47.1481899,-122.3123727,1300,-1,-1,-1,-1,-1,191129000000.0
381,1575071906,6db93f996408d398cebdb6ef77e68f88aaafc714d4ff05d914fcc4397eb8e94c,0,47.1481899,-122.3123727,1300,-1,-1,-1,-1,-1,191129000000.0
382,1575073431,6db93f996408d398cebdb6ef77e68f88aaafc714d4ff05d914fcc4397eb8e94c,0,47.1481899,-122.3123727,1300,-1,-1,-1,-1,-1,191129000000.0
383,1575076188,6db93f996408d398cebdb6ef77e68f88aaafc714d4ff05d914fcc4397eb8e94c,0,47.1472674,-122.3163677,135,-1,-1,-1,-1,-1,191129000000.0
384,1575077856,6db93f996408d398cebdb6ef77e68f88aaafc714d4ff05d914fcc4397eb8e94c,0,47.1481899,-122.3123727,1300,-1,-1,-1,-1,-1,191129000000.0
385,1575078507,6db93f996408d398cebdb6ef77e68f88aaafc714d4ff05d914fcc4397eb8e94c,0,47.1481899,-122.3123727,1300,-1,-1,-1,-1,-1,191129000000.0
386,1575080340,6db93f996408d398cebdb6ef77e68f88aaafc714d4ff05d914fcc4397eb8e94c,0,47.1471491,-122.3162723,122,-1,-1,-1,-1,-1,191129000000.0
387,1575081356,6db93f996408d398cebdb6ef77e68f88aaafc714d4ff05d914fcc4397eb8e94c,0,47.1462111,-122.3154854,149,-1,-1,-1,-1,-1,191129000000.0
388,1575082488,6db93f996408d398cebdb6ef77e68f88aaafc714d4ff05d914fcc4397eb8e94c,0,47.1481899,-122.3123727,1300,-1,-1,-1,-1,-1,191129000000.0
389,1575085538,6db93f996408d398cebdb6ef77e68f88aaafc714d4ff05d914fcc4397eb8e94c,0,47.1481899,-122.3123727,1300,-1,-1,-1,-1,-1,191129000000.0
390,1575103514,6db93f996408d398cebdb6ef77e68f88aaafc714d4ff05d914fcc4397eb8e94c,0,47.1481899,-122.3123727,1300,-1,-1,-1,-1,-1,191130000000.0
391,1575108561,6db93f996408d398cebdb6ef77e68f88aaafc714d4ff05d914fcc4397eb8e94c,0,47.1481899,-122.3123727,1300,-1,-1,-1,-1,-1,191130000000.0
392,1575109641,6db93f996408d398cebdb6ef77e68f88aaafc714d4ff05d914fcc4397eb8e94c,0,47.1481899,-122.3123727,1300,-1,-1,-1,-1,-1,191130000000.0
393,1575110013,6db93f996408d398cebdb6ef77e68f88aaafc714d4ff05d914fcc4397eb8e94c,0,47.1481899,-122.3123727,1300,-1,-1,-1,-1,-1,191130000000.0
394,1575143831,6db93f996408d398cebdb6ef77e68f88aaafc714d4ff05d914fcc4397eb8e94c,0,47.1481899,-122.3123727,1300,-1,-1,-1,-1,-1,191130000000.0
395,1575154144,6db93f996408d398cebdb6ef77e68f88aaafc714d4ff05d914fcc4397eb8e94c,0,47.1481899,-122.3123727,1300,-1,-1,-1,-1,-1,191130000000.0
396,1575156396,6db93f996408d398cebdb6ef77e68f88aaafc714d4ff05d914fcc4397eb8e94c,0,47.1481899,-122.3123727,1300,-1,-1,-1,-1,-1,191130000000.0
397,1573141463,3ea9e7e79431fc8fcc2fb447ee0dfc6a9fca74cc9e54558b80785b8577f6f37f,0,47.3011483,-122.2549815,1000,-1,-1,-1,-1,-1,191107000000.0
398,1573175359,3ea9e7e79431fc8fcc2fb447ee0dfc6a9fca74cc9e54558b80785b8577f6f37f,0,47.44385,-122.2974275,1000,-1,-1,-1,-1,-1,191107000000.0
399,1573175395,3ea9e7e79431fc8fcc2fb447ee0dfc6a9fca74cc9e54558b80785b8577f6f37f,0,47.4413005,-122.2936026,800,-1,-1,-1,-1,-1,191107000000.0
400,1573183544,3ea9e7e79431fc8fcc2fb447ee0dfc6a9fca74cc9e54558b80785b8577f6f37f,0,47.4446033,-122.2972027,1000,-1,-1,-1,-1,-1,191107000000.0
401,1573183547,3ea9e7e79431fc8fcc2fb447ee0dfc6a9fca74cc9e54558b80785b8577f6f37f,0,47.4406572,-122.303793,178,-1,-1,-1,-1,-1,191107000000.0
402,1573185001,3ea9e7e79431fc8fcc2fb447ee0dfc6a9fca74cc9e54558b80785b8577f6f37f,0,47.4393115,-122.3019082,279,-1,-1,-1,-1,-1,191107000000.0
403,1554774611,97c849caf2367a58377e946eb575484fc691e6eb7bb15ceeed48b72ff7d9c64e,0,47.9141361,-122.5606955,3300,-1,-1,-1,-1,-1,190408000000.0
404,1554781624,97c849caf2367a58377e946eb575484fc691e6eb7bb15ceeed48b72ff7d9c64e,0,47.6328316,-122.3851598,821,-1,-1,-1,-1,-1,190408000000.0
405,1554781885,97c849caf2367a58377e946eb575484fc691e6eb7bb15ceeed48b72ff7d9c64e,0,47.6188789,-122.3594102,1000,-1,-1,-1,-1,-1,190408000000.0
406,1554783120,97c849caf2367a58377e946eb575484fc691e6eb7bb15ceeed48b72ff7d9c64e,0,47.632541,-122.384525,900,-1,-1,-1,-1,-1,190408000000.0
407,1554783724,97c849caf2367a58377e946eb575484fc691e6eb7bb15ceeed48b72ff7d9c64e,0,47.6328961,-122.3855713,1000,-1,-1,-1,-1,-1,190408000000.0
408,1554784637,97c849caf2367a58377e946eb575484fc691e6eb7bb15ceeed48b72ff7d9c64e,0,47.6360878,-122.3700325,1000,-1,-1,-1,-1,-1,190408000000.0
409,1554785375,97c849caf2367a58377e946eb575484fc691e6eb7bb15ceeed48b72ff7d9c64e,0,47.633462,-122.3845575,110,-1,-1,-1,-1,-1,190408000000.0
410,1554788979,97c849caf2367a58377e946eb575484fc691e6eb7bb15ceeed48b72ff7d9c64e,0,47.4707792,-122.3321529,1756,-1,-1,-1,-1,-1,190408000000.0
411,1554791774,97c849caf2367a58377e946eb575484fc691e6eb7bb15ceeed48b72ff7d9c64e,0,47.4799342,-122.2847401,1000,-1,-1,-1,-1,-1,190408000000.0
412,1554791777,97c849caf2367a58377e946eb575484fc691e6eb7bb15ceeed48b72ff7d9c64e,0,47.4799342,-122.2847401,1000,-1,-1,-1,-1,-1,190408000000.0
413,1554796200,97c849caf2367a58377e946eb575484fc691e6eb7bb15ceeed48b72ff7d9c64e,0,47.4799342,-122.2847401,1000,-1,-1,-1,-1,-1,190409000000.0
414,1554797989,97c849caf2367a58377e946eb575484fc691e6eb7bb15ceeed48b72ff7d9c64e,0,47.4917536,-122.2808249,1300,-1,-1,-1,-1,-1,190409000000.0
415,1554798600,97c849caf2367a58377e946eb575484fc691e6eb7bb15ceeed48b72ff7d9c64e,0,47.4785594,-122.2847685,1100,-1,-1,-1,-1,-1,190409000000.0
416,1554800050,97c849caf2367a58377e946eb575484fc691e6eb7bb15ceeed48b72ff7d9c64e,0,47.4781414,-122.2829498,156,-1,-1,-1,-1,-1,190409000000.0
417,1554800413,97c849caf2367a58377e946eb575484fc691e6eb7bb15ceeed48b72ff7d9c64e,0,47.4799342,-122.2847401,1000,-1,-1,-1,-1,-1,190409000000.0
418,1554801100,97c849caf2367a58377e946eb575484fc691e6eb7bb15ceeed48b72ff7d9c64e,0,47.4799342,-122.2847401,1000,-1,-1,-1,-1,-1,190409000000.0
419,1554802922,97c849caf2367a58377e946eb575484fc691e6eb7bb15ceeed48b72ff7d9c64e,0,47.4782142,-122.2842189,122,-1,-1,-1,-1,-1,190409000000.0
420,1554804490,97c849caf2367a58377e946eb575484fc691e6eb7bb15ceeed48b72ff7d9c64e,0,47.4782848,-122.2830532,142,-1,-1,-1,-1,-1,190409000000.0
421,1554804790,97c849caf2367a58377e946eb575484fc691e6eb7bb15ceeed48b72ff7d9c64e,0,47.4782142,-122.2842189,110,-1,-1,-1,-1,-1,190409000000.0
422,1554815918,97c849caf2367a58377e946eb575484fc691e6eb7bb15ceeed48b72ff7d9c64e,0,47.4636145,-122.2823511,1000,-1,-1,-1,-1,-1,190409000000.0
423,1554816165,97c849caf2367a58377e946eb575484fc691e6eb7bb15ceeed48b72ff7d9c64e,0,47.4491027,-122.208344,1684,-1,-1,-1,-1,-1,190409000000.0
424,1554818061,97c849caf2367a58377e946eb575484fc691e6eb7bb15ceeed48b72ff7d9c64e,0,47.3592787,-122.3109774,128,-1,-1,-1,-1,-1,190409000000.0
425,1554818704,97c849caf2367a58377e946eb575484fc691e6eb7bb15ceeed48b72ff7d9c64e,0,47.3591588,-122.3099941,128,-1,-1,-1,-1,-1,190409000000.0
426,1554935905,97c849caf2367a58377e946eb575484fc691e6eb7bb15ceeed48b72ff7d9c64e,0,47.3112606,-122.3138111,116,-1,-1,-1,-1,-1,190410000000.0
427,1555018749,97c849caf2367a58377e946eb575484fc691e6eb7bb15ceeed48b72ff7d9c64e,0,47.3592787,-122.3109774,110,-1,-1,-1,-1,-1,190411000000.0
428,1555019006,97c849caf2367a58377e946eb575484fc691e6eb7bb15ceeed48b72ff7d9c64e,0,47.3582864,-122.31106,149,-1,-1,-1,-1,-1,190411000000.0
429,1555977151,40e27edbc0d0b5684d5fe2ca909e0b70fc05910370d862c149a20cdd93637972,0,47.4986131,-122.3090977,104,-1,-1,-1,-1,-1,190422000000.0
430,1554396100,5b60012041533aca8a11b86cc391e1ae0ca7e0a9de6e2eadba332b6d66825bf6,1,47.5627136,-122.3787165,165,-1,-1,-1,-1,-1,190404000000.0
431,1554440903,5b60012041533aca8a11b86cc391e1ae0ca7e0a9de6e2eadba332b6d66825bf6,1,47.5372619,-122.3839634,165,-1,-1,-1,-1,-1,190404000000.0
432,1554447014,5b60012041533aca8a11b86cc391e1ae0ca7e0a9de6e2eadba332b6d66825bf6,1,47.5373229,-122.3839398,163,-1,-1,-1,-1,-1,190404000000.0
433,1554447075,5b60012041533aca8a11b86cc391e1ae0ca7e0a9de6e2eadba332b6d66825bf6,1,47.5372314,-122.3840203,158,-1,-1,-1,-1,-1,190404000000.0
434,1554563960,5b60012041533aca8a11b86cc391e1ae0ca7e0a9de6e2eadba332b6d66825bf6,1,47.5708923,-122.3644501,113,-1,-1,-1,-1,-1,190406000000.0
435,1554563963,5b60012041533aca8a11b86cc391e1ae0ca7e0a9de6e2eadba332b6d66825bf6,1,47.5707092,-122.361588,165,-1,-1,-1,-1,-1,190406000000.0
436,1554569079,5b60012041533aca8a11b86cc391e1ae0ca7e0a9de6e2eadba332b6d66825bf6,1,47.6000366,-122.320093,165,-1,-1,-1,-1,-1,190406000000.0
437,1554569807,5b60012041533aca8a11b86cc391e1ae0ca7e0a9de6e2eadba332b6d66825bf6,1,47.5887451,-122.3212283,165,-1,-1,-1,-1,-1,190406000000.0
438,1554570389,5b60012041533aca8a11b86cc391e1ae0ca7e0a9de6e2eadba332b6d66825bf6,1,47.5813598,-122.3200118,165,-1,-1,-1,-1,-1,190406000000.0
439,1554570617,5b60012041533aca8a11b86cc391e1ae0ca7e0a9de6e2eadba332b6d66825bf6,1,47.5711975,-122.3586966,262,-1,-1,-1,-1,-1,190406000000.0
440,1554655957,5b60012041533aca8a11b86cc391e1ae0ca7e0a9de6e2eadba332b6d66825bf6,1,47.813385,-122.230845,124,-1,-1,-1,-1,-1,190407000000.0
441,1554655986,5b60012041533aca8a11b86cc391e1ae0ca7e0a9de6e2eadba332b6d66825bf6,1,47.8165588,-122.237594,110,-1,-1,-1,-1,-1,190407000000.0
442,1554656000,5b60012041533aca8a11b86cc391e1ae0ca7e0a9de6e2eadba332b6d66825bf6,1,47.8189086,-122.2411194,116,-1,-1,-1,-1,-1,190407000000.0
443,1554831462,5b60012041533aca8a11b86cc391e1ae0ca7e0a9de6e2eadba332b6d66825bf6,1,47.5375671,-122.3811187,367,-1,-1,-1,-1,-1,190409000000.0
444,1554831475,5b60012041533aca8a11b86cc391e1ae0ca7e0a9de6e2eadba332b6d66825bf6,1,47.5357666,-122.3825355,224,-1,-1,-1,-1,-1,190409000000.0
445,1555131025,5b60012041533aca8a11b86cc391e1ae0ca7e0a9de6e2eadba332b6d66825bf6,1,47.5667419,-122.3738351,165,-1,-1,-1,-1,-1,190412000000.0
446,1555443102,5b60012041533aca8a11b86cc391e1ae0ca7e0a9de6e2eadba332b6d66825bf6,1,47.3331298,-122.2372629,127,-1,-1,-1,-1,-1,190416000000.0
447,1555443103,5b60012041533aca8a11b86cc391e1ae0ca7e0a9de6e2eadba332b6d66825bf6,1,47.3331298,-122.2372629,127,-1,-1,-1,-1,-1,190416000000.0
448,1555443126,5b60012041533aca8a11b86cc391e1ae0ca7e0a9de6e2eadba332b6d66825bf6,1,47.3356018,-122.2378594,165,-1,-1,-1,-1,-1,190416000000.0
449,1555443150,5b60012041533aca8a11b86cc391e1ae0ca7e0a9de6e2eadba332b6d66825bf6,1,47.3388977,-122.2362306,165,-1,-1,-1,-1,-1,190416000000.0
450,1555449117,5b60012041533aca8a11b86cc391e1ae0ca7e0a9de6e2eadba332b6d66825bf6,1,47.5172119,-122.3141592,165,-1,-1,-1,-1,-1,190416000000.0
451,1555449963,5b60012041533aca8a11b86cc391e1ae0ca7e0a9de6e2eadba332b6d66825bf6,1,47.4137268,-122.2209633,165,-1,-1,-1,-1,-1,190416000000.0
452,1555449970,5b60012041533aca8a11b86cc391e1ae0ca7e0a9de6e2eadba332b6d66825bf6,1,47.4117126,-122.2210822,165,-1,-1,-1,-1,-1,190416000000.0
453,1555449973,5b60012041533aca8a11b86cc391e1ae0ca7e0a9de6e2eadba332b6d66825bf6,1,47.4111938,-122.2211143,165,-1,-1,-1,-1,-1,190416000000.0
454,1555605394,5b60012041533aca8a11b86cc391e1ae0ca7e0a9de6e2eadba332b6d66825bf6,1,47.5714416,-122.3615321,165,-1,-1,-1,-1,-1,190418000000.0
455,1555606433,5b60012041533aca8a11b86cc391e1ae0ca7e0a9de6e2eadba332b6d66825bf6,1,47.5783386,-122.2114656,165,-1,-1,-1,-1,-1,190418000000.0
456,1555606635,5b60012041533aca8a11b86cc391e1ae0ca7e0a9de6e2eadba332b6d66825bf6,1,47.5797424,-122.175642,133,-1,-1,-1,-1,-1,190418000000.0
457,1555606636,5b60012041533aca8a11b86cc391e1ae0ca7e0a9de6e2eadba332b6d66825bf6,1,47.5797424,-122.175642,133,-1,-1,-1,-1,-1,190418000000.0
458,1555606675,5b60012041533aca8a11b86cc391e1ae0ca7e0a9de6e2eadba332b6d66825bf6,1,47.5820922,-122.1750833,165,-1,-1,-1,-1,-1,190418000000.0
459,1555606707,5b60012041533aca8a11b86cc391e1ae0ca7e0a9de6e2eadba332b6d66825bf6,1,47.5851135,-122.1776982,119,-1,-1,-1,-1,-1,190418000000.0
460,1555606708,5b60012041533aca8a11b86cc391e1ae0ca7e0a9de6e2eadba332b6d66825bf6,1,47.5851135,-122.1776982,119,-1,-1,-1,-1,-1,190418000000.0
461,1555608497,5b60012041533aca8a11b86cc391e1ae0ca7e0a9de6e2eadba332b6d66825bf6,1,47.7584228,-122.1599007,165,-1,-1,-1,-1,-1,190418000000.0
462,1555608654,5b60012041533aca8a11b86cc391e1ae0ca7e0a9de6e2eadba332b6d66825bf6,1,47.7592773,-122.1627171,165,-1,-1,-1,-1,-1,190418000000.0
463,1555608932,5b60012041533aca8a11b86cc391e1ae0ca7e0a9de6e2eadba332b6d66825bf6,1,47.7589721,-122.1624093,165,-1,-1,-1,-1,-1,190418000000.0
464,1555609199,5b60012041533aca8a11b86cc391e1ae0ca7e0a9de6e2eadba332b6d66825bf6,1,47.7592163,-122.1625981,165,-1,-1,-1,-1,-1,190418000000.0
465,1555609803,5b60012041533aca8a11b86cc391e1ae0ca7e0a9de6e2eadba332b6d66825bf6,1,47.7590026,-122.1624679,165,-1,-1,-1,-1,-1,190418000000.0
466,1555611892,5b60012041533aca8a11b86cc391e1ae0ca7e0a9de6e2eadba332b6d66825bf6,1,47.7558898,-122.165504,165,-1,-1,-1,-1,-1,190418000000.0
467,1555893180,5b60012041533aca8a11b86cc391e1ae0ca7e0a9de6e2eadba332b6d66825bf6,1,47.5548095,-122.3994183,165,-1,-1,-1,-1,-1,190421000000.0
468,1556522638,5b60012041533aca8a11b86cc391e1ae0ca7e0a9de6e2eadba332b6d66825bf6,1,47.5413818,-122.3806548,165,-1,-1,-1,-1,-1,190429000000.0
469,1572928357,5b60012041533aca8a11b86cc391e1ae0ca7e0a9de6e2eadba332b6d66825bf6,1,47.5448608,-122.3875141,165,-1,-1,-1,-1,-1,191104000000.0
470,1572928752,5b60012041533aca8a11b86cc391e1ae0ca7e0a9de6e2eadba332b6d66825bf6,1,47.5451049,-122.3874608,165,-1,-1,-1,-1,-1,191104000000.0
471,1572928936,5b60012041533aca8a11b86cc391e1ae0ca7e0a9de6e2eadba332b6d66825bf6,1,47.5372314,-122.3839661,165,-1,-1,-1,-1,-1,191104000000.0
472,1573784295,5b60012041533aca8a11b86cc391e1ae0ca7e0a9de6e2eadba332b6d66825bf6,1,47.5674743,-122.3650978,165,-1,-1,-1,-1,-1,191114000000.0
