user_ID,unix_start_t,orig_lat,orig_long
2625647e11173f95ef14599c4835355cfe2f492adb3a2e1a7a47748760345612,1553982094,47.1159522,-122.2650743
2625647e11173f95ef14599c4835355cfe2f492adb3a2e1a7a47748760345612,1553984305,47.097726,-122.2924183
2625647e11173f95ef14599c4835355cfe2f492adb3a2e1a7a47748760345612,1553986143,47.0213003,-122.2982385
2625647e11173f95ef14599c4835355cfe2f492adb3a2e1a7a47748760345612,1553986579,46.9719447,-122.2977938
2625647e11173f95ef14599c4835355cfe2f492adb3a2e1a7a47748760345612,1553986941,46.8685675,-122.2715128
2625647e11173f95ef14599c4835355cfe2f492adb3a2e1a7a47748760345612,1554003196,46.9071878,-122.2984671
2625647e11173f95ef14599c4835355cfe2f492adb3a2e1a7a47748760345612,1554003789,47.0222448,-122.2967518
2625647e11173f95ef14599c4835355cfe2f492adb3a2e1a7a47748760345612,1554147565,47.1172909,-122.2931139
2625647e11173f95ef14599c4835355cfe2f492adb3a2e1a7a47748760345612,1554149508,47.2225364,-122.2466355
2625647e11173f95ef14599c4835355cfe2f492adb3a2e1a7a47748760345612,1554149763,47.2878508,-122.2570387
2625647e11173f95ef14599c4835355cfe2f492adb3a2e1a7a47748760345612,1554150019,47.352749,-122.2403602
2625647e11173f95ef14599c4835355cfe2f492adb3a2e1a7a47748760345612,1554150345,47.4140638,-122.2207713
2625647e11173f95ef14599c4835355cfe2f492adb3a2e1a7a47748760345612,1554151177,47.4143764,-122.2187845
2625647e11173f95ef14599c4835355cfe2f492adb3a2e1a7a47748760345612,1554193765,47.3792499,-122.2394016
2625647e11173f95ef14599c4835355cfe2f492adb3a2e1a7a47748760345612,1554194005,47.2512795,-122.2539563
2625647e11173f95ef14599c4835355cfe2f492adb3a2e1a7a47748760345612,1554194494,47.1831243,-122.2561642
2625647e11173f95ef14599c4835355cfe2f492adb3a2e1a7a47748760345612,1554235321,47.1433377,-122.2599365
2625647e11173f95ef14599c4835355cfe2f492adb3a2e1a7a47748760345612,1554236796,47.4140638,-122.2207713
2625647e11173f95ef14599c4835355cfe2f492adb3a2e1a7a47748760345612,1554697633,47.1174734,-122.2690782
2625647e11173f95ef14599c4835355cfe2f492adb3a2e1a7a47748760345612,1554797522,47.3475032,-122.2536908
2625647e11173f95ef14599c4835355cfe2f492adb3a2e1a7a47748760345612,1554797764,47.2833218,-122.2565039
2625647e11173f95ef14599c4835355cfe2f492adb3a2e1a7a47748760345612,1554798007,47.2204613,-122.2447287
2625647e11173f95ef14599c4835355cfe2f492adb3a2e1a7a47748760345612,1554798495,47.186543,-122.2564498
2625647e11173f95ef14599c4835355cfe2f492adb3a2e1a7a47748760345612,1554883886,47.4068553,-122.2281661
2625647e11173f95ef14599c4835355cfe2f492adb3a2e1a7a47748760345612,1554884139,47.3484197,-122.2432415
2625647e11173f95ef14599c4835355cfe2f492adb3a2e1a7a47748760345612,1554884391,47.3142613,-122.2455617
2625647e11173f95ef14599c4835355cfe2f492adb3a2e1a7a47748760345612,1554884640,47.2002532,-122.283964
2625647e11173f95ef14599c4835355cfe2f492adb3a2e1a7a47748760345612,1554885265,47.3142613,-122.2455617
2625647e11173f95ef14599c4835355cfe2f492adb3a2e1a7a47748760345612,1555014275,47.199907,-122.250997
2625647e11173f95ef14599c4835355cfe2f492adb3a2e1a7a47748760345612,1555015616,47.3558005,-122.2424343
2625647e11173f95ef14599c4835355cfe2f492adb3a2e1a7a47748760345612,1555057003,47.3557016,-122.2440606
2625647e11173f95ef14599c4835355cfe2f492adb3a2e1a7a47748760345612,1555057364,47.2524753,-122.2562109
2625647e11173f95ef14599c4835355cfe2f492adb3a2e1a7a47748760345612,1555057606,47.2160402,-122.249991
2625647e11173f95ef14599c4835355cfe2f492adb3a2e1a7a47748760345612,1555057850,47.1605212,-122.3003255
3ab7c1282d7c0ed632f93d6ca1c81ef0bf74351f50b8cb9eafe4167004ca373a,1573184859,47.4685783,-122.226445
3ab7c1282d7c0ed632f93d6ca1c81ef0bf74351f50b8cb9eafe4167004ca373a,1573258921,47.4686032,-122.2078277
3ab7c1282d7c0ed632f93d6ca1c81ef0bf74351f50b8cb9eafe4167004ca373a,1573259389,47.447802,-122.2664367
3ab7c1282d7c0ed632f93d6ca1c81ef0bf74351f50b8cb9eafe4167004ca373a,1573259690,47.4178161,-122.2880065
3ab7c1282d7c0ed632f93d6ca1c81ef0bf74351f50b8cb9eafe4167004ca373a,1573260121,47.3259255,-122.295204
3ab7c1282d7c0ed632f93d6ca1c81ef0bf74351f50b8cb9eafe4167004ca373a,1573260563,47.3111494,-122.2820668
3ab7c1282d7c0ed632f93d6ca1c81ef0bf74351f50b8cb9eafe4167004ca373a,1573261169,47.2532781,-122.2666225
3ab7c1282d7c0ed632f93d6ca1c81ef0bf74351f50b8cb9eafe4167004ca373a,1573261447,47.2472867,-122.2543384
3ab7c1282d7c0ed632f93d6ca1c81ef0bf74351f50b8cb9eafe4167004ca373a,1573262002,47.2180885,-122.2467181
3ab7c1282d7c0ed632f93d6ca1c81ef0bf74351f50b8cb9eafe4167004ca373a,1573262324,47.2027418,-122.2501659
3ab7c1282d7c0ed632f93d6ca1c81ef0bf74351f50b8cb9eafe4167004ca373a,1573262636,47.1849934,-122.2493928
3ab7c1282d7c0ed632f93d6ca1c81ef0bf74351f50b8cb9eafe4167004ca373a,1573263246,47.1460294,-122.2569173
3ab7c1282d7c0ed632f93d6ca1c81ef0bf74351f50b8cb9eafe4167004ca373a,1573267470,47.4631644,-122.2236197
3ab7c1282d7c0ed632f93d6ca1c81ef0bf74351f50b8cb9eafe4167004ca373a,1573410939,47.5044516,-122.1446206
3ab7c1282d7c0ed632f93d6ca1c81ef0bf74351f50b8cb9eafe4167004ca373a,1573411600,47.5000604,-122.1455649
3ab7c1282d7c0ed632f93d6ca1c81ef0bf74351f50b8cb9eafe4167004ca373a,1573414865,47.5044516,-122.1446206
3ab7c1282d7c0ed632f93d6ca1c81ef0bf74351f50b8cb9eafe4167004ca373a,1573528927,47.5001327,-122.2005861
3ab7c1282d7c0ed632f93d6ca1c81ef0bf74351f50b8cb9eafe4167004ca373a,1573529180,47.4611206,-122.2519648
3ea9e7e79431fc8fcc2fb447ee0dfc6a9fca74cc9e54558b80785b8577f6f37f,1573141463,47.3011483,-122.2549815
3ea9e7e79431fc8fcc2fb447ee0dfc6a9fca74cc9e54558b80785b8577f6f37f,1573175359,47.44385,-122.2974275
3ea9e7e79431fc8fcc2fb447ee0dfc6a9fca74cc9e54558b80785b8577f6f37f,1573175395,47.4413005,-122.2936026
3ea9e7e79431fc8fcc2fb447ee0dfc6a9fca74cc9e54558b80785b8577f6f37f,1573183544,47.4446033,-122.2972027
3ea9e7e79431fc8fcc2fb447ee0dfc6a9fca74cc9e54558b80785b8577f6f37f,1573183547,47.4406572,-122.303793
3ea9e7e79431fc8fcc2fb447ee0dfc6a9fca74cc9e54558b80785b8577f6f37f,1573185001,47.4393115,-122.3019082
5b60012041533aca8a11b86cc391e1ae0ca7e0a9de6e2eadba332b6d66825bf6,1554396100,47.5627136,-122.3787165
5b60012041533aca8a11b86cc391e1ae0ca7e0a9de6e2eadba332b6d66825bf6,1554440903,47.5372619,-122.3839634
5b60012041533aca8a11b86cc391e1ae0ca7e0a9de6e2eadba332b6d66825bf6,1554447014,47.5373229,-122.3839398
5b60012041533aca8a11b86cc391e1ae0ca7e0a9de6e2eadba332b6d66825bf6,1554447075,47.5372314,-122.3840203
5b60012041533aca8a11b86cc391e1ae0ca7e0a9de6e2eadba332b6d66825bf6,1554563960,47.5708923,-122.3644501
5b60012041533aca8a11b86cc391e1ae0ca7e0a9de6e2eadba332b6d66825bf6,1554563963,47.5707092,-122.361588
5b60012041533aca8a11b86cc391e1ae0ca7e0a9de6e2eadba332b6d66825bf6,1554569079,47.6000366,-122.320093
5b60012041533aca8a11b86cc391e1ae0ca7e0a9de6e2eadba332b6d66825bf6,1554569807,47.5887451,-122.3212283
5b60012041533aca8a11b86cc391e1ae0ca7e0a9de6e2eadba332b6d66825bf6,1554570389,47.5813598,-122.3200118
5b60012041533aca8a11b86cc391e1ae0ca7e0a9de6e2eadba332b6d66825bf6,1554570617,47.5711975,-122.3586966
5b60012041533aca8a11b86cc391e1ae0ca7e0a9de6e2eadba332b6d66825bf6,1554655957,47.813385,-122.230845
5b60012041533aca8a11b86cc391e1ae0ca7e0a9de6e2eadba332b6d66825bf6,1554655986,47.8165588,-122.237594
5b60012041533aca8a11b86cc391e1ae0ca7e0a9de6e2eadba332b6d66825bf6,1554656000,47.8189086,-122.2411194
5b60012041533aca8a11b86cc391e1ae0ca7e0a9de6e2eadba332b6d66825bf6,1554831462,47.5375671,-122.3811187
5b60012041533aca8a11b86cc391e1ae0ca7e0a9de6e2eadba332b6d66825bf6,1554831475,47.5357666,-122.3825355
5b60012041533aca8a11b86cc391e1ae0ca7e0a9de6e2eadba332b6d66825bf6,1555131025,47.5667419,-122.3738351
5b60012041533aca8a11b86cc391e1ae0ca7e0a9de6e2eadba332b6d66825bf6,1555443102,47.3331298,-122.2372629
5b60012041533aca8a11b86cc391e1ae0ca7e0a9de6e2eadba332b6d66825bf6,1555443103,47.3331298,-122.2372629
5b60012041533aca8a11b86cc391e1ae0ca7e0a9de6e2eadba332b6d66825bf6,1555443126,47.3356018,-122.2378594
5b60012041533aca8a11b86cc391e1ae0ca7e0a9de6e2eadba332b6d66825bf6,1555443150,47.3388977,-122.2362306
5b60012041533aca8a11b86cc391e1ae0ca7e0a9de6e2eadba332b6d66825bf6,1555449117,47.5172119,-122.3141592
5b60012041533aca8a11b86cc391e1ae0ca7e0a9de6e2eadba332b6d66825bf6,1555449963,47.4137268,-122.2209633
5b60012041533aca8a11b86cc391e1ae0ca7e0a9de6e2eadba332b6d66825bf6,1555449970,47.4117126,-122.2210822
5b60012041533aca8a11b86cc391e1ae0ca7e0a9de6e2eadba332b6d66825bf6,1555449973,47.4111938,-122.2211143
5b60012041533aca8a11b86cc391e1ae0ca7e0a9de6e2eadba332b6d66825bf6,1555605394,47.5714416,-122.3615321
5b60012041533aca8a11b86cc391e1ae0ca7e0a9de6e2eadba332b6d66825bf6,1555606433,47.5783386,-122.2114656
5b60012041533aca8a11b86cc391e1ae0ca7e0a9de6e2eadba332b6d66825bf6,1555606635,47.5797424,-122.175642
5b60012041533aca8a11b86cc391e1ae0ca7e0a9de6e2eadba332b6d66825bf6,1555606636,47.5797424,-122.175642
5b60012041533aca8a11b86cc391e1ae0ca7e0a9de6e2eadba332b6d66825bf6,1555606675,47.5820922,-122.1750833
5b60012041533aca8a11b86cc391e1ae0ca7e0a9de6e2eadba332b6d66825bf6,1555606707,47.5851135,-122.1776982
5b60012041533aca8a11b86cc391e1ae0ca7e0a9de6e2eadba332b6d66825bf6,1555606708,47.5851135,-122.1776982
5b60012041533aca8a11b86cc391e1ae0ca7e0a9de6e2eadba332b6d66825bf6,1555608497,47.7584228,-122.1599007
5b60012041533aca8a11b86cc391e1ae0ca7e0a9de6e2eadba332b6d66825bf6,1555608654,47.7592773,-122.1627171
5b60012041533aca8a11b86cc391e1ae0ca7e0a9de6e2eadba332b6d66825bf6,1555608932,47.7589721,-122.1624093
5b60012041533aca8a11b86cc391e1ae0ca7e0a9de6e2eadba332b6d66825bf6,1555609199,47.7592163,-122.1625981
5b60012041533aca8a11b86cc391e1ae0ca7e0a9de6e2eadba332b6d66825bf6,1555609803,47.7590026,-122.1624679
5b60012041533aca8a11b86cc391e1ae0ca7e0a9de6e2eadba332b6d66825bf6,1555611892,47.7558898,-122.165504
5b60012041533aca8a11b86cc391e1ae0ca7e0a9de6e2eadba332b6d66825bf6,1555893180,47.5548095,-122.3994183
5b60012041533aca8a11b86cc391e1ae0ca7e0a9de6e2eadba332b6d66825bf6,1556522638,47.5413818,-122.3806548
5b60012041533aca8a11b86cc391e1ae0ca7e0a9de6e2eadba332b6d66825bf6,1572928357,47.5448608,-122.3875141
5b60012041533aca8a11b86cc391e1ae0ca7e0a9de6e2eadba332b6d66825bf6,1572928752,47.5451049,-122.3874608
5b60012041533aca8a11b86cc391e1ae0ca7e0a9de6e2eadba332b6d66825bf6,1572928936,47.5372314,-122.3839661
5b60012041533aca8a11b86cc391e1ae0ca7e0a9de6e2eadba332b6d66825bf6,1573784295,47.5674743,-122.3650978
6db93f996408d398cebdb6ef77e68f88aaafc714d4ff05d914fcc4397eb8e94c,1573974445,47.1481899,-122.3123727
6db93f996408d398cebdb6ef77e68f88aaafc714d4ff05d914fcc4397eb8e94c,1573981884,47.1481899,-122.3123727
6db93f996408d398cebdb6ef77e68f88aaafc714d4ff05d914fcc4397eb8e94c,1574148302,47.1479118,-122.3096997
6db93f996408d398cebdb6ef77e68f88aaafc714d4ff05d914fcc4397eb8e94c,1574155454,47.1481899,-122.3123727
6db93f996408d398cebdb6ef77e68f88aaafc714d4ff05d914fcc4397eb8e94c,1574179376,47.1521548,-122.3127119
6db93f996408d398cebdb6ef77e68f88aaafc714d4ff05d914fcc4397eb8e94c,1574179566,47.1467221,-122.315243
6db93f996408d398cebdb6ef77e68f88aaafc714d4ff05d914fcc4397eb8e94c,1574182000,47.1521548,-122.3127119
6db93f996408d398cebdb6ef77e68f88aaafc714d4ff05d914fcc4397eb8e94c,1574205189,47.1467207,-122.3156303
6db93f996408d398cebdb6ef77e68f88aaafc714d4ff05d914fcc4397eb8e94c,1574213350,47.1481899,-122.3123727
6db93f996408d398cebdb6ef77e68f88aaafc714d4ff05d914fcc4397eb8e94c,1574216182,47.1471512,-122.3162658
6db93f996408d398cebdb6ef77e68f88aaafc714d4ff05d914fcc4397eb8e94c,1574222860,47.1472714,-122.316368
6db93f996408d398cebdb6ef77e68f88aaafc714d4ff05d914fcc4397eb8e94c,1574227038,47.1467221,-122.315243
6db93f996408d398cebdb6ef77e68f88aaafc714d4ff05d914fcc4397eb8e94c,1574233773,47.1598333,-122.3040027
6db93f996408d398cebdb6ef77e68f88aaafc714d4ff05d914fcc4397eb8e94c,1574235219,47.1481899,-122.3123727
6db93f996408d398cebdb6ef77e68f88aaafc714d4ff05d914fcc4397eb8e94c,1574236991,47.1472392,-122.3151798
6db93f996408d398cebdb6ef77e68f88aaafc714d4ff05d914fcc4397eb8e94c,1574237281,47.1481899,-122.3123727
6db93f996408d398cebdb6ef77e68f88aaafc714d4ff05d914fcc4397eb8e94c,1574239093,47.1481899,-122.3123727
6db93f996408d398cebdb6ef77e68f88aaafc714d4ff05d914fcc4397eb8e94c,1574240833,47.1467207,-122.3156303
6db93f996408d398cebdb6ef77e68f88aaafc714d4ff05d914fcc4397eb8e94c,1574241176,47.1471823,-122.3154398
6db93f996408d398cebdb6ef77e68f88aaafc714d4ff05d914fcc4397eb8e94c,1574242677,47.1474503,-122.3151616
6db93f996408d398cebdb6ef77e68f88aaafc714d4ff05d914fcc4397eb8e94c,1574244779,47.1467221,-122.315243
6db93f996408d398cebdb6ef77e68f88aaafc714d4ff05d914fcc4397eb8e94c,1574245685,47.1481899,-122.3123727
6db93f996408d398cebdb6ef77e68f88aaafc714d4ff05d914fcc4397eb8e94c,1574246342,47.1520227,-122.3131308
6db93f996408d398cebdb6ef77e68f88aaafc714d4ff05d914fcc4397eb8e94c,1574246642,47.1481899,-122.3123727
6db93f996408d398cebdb6ef77e68f88aaafc714d4ff05d914fcc4397eb8e94c,1574251926,47.1467221,-122.315243
6db93f996408d398cebdb6ef77e68f88aaafc714d4ff05d914fcc4397eb8e94c,1574252527,47.1467221,-122.315243
6db93f996408d398cebdb6ef77e68f88aaafc714d4ff05d914fcc4397eb8e94c,1574252819,47.1481899,-122.3123727
6db93f996408d398cebdb6ef77e68f88aaafc714d4ff05d914fcc4397eb8e94c,1574261975,47.1471512,-122.3162658
6db93f996408d398cebdb6ef77e68f88aaafc714d4ff05d914fcc4397eb8e94c,1574263445,47.1481899,-122.3123727
6db93f996408d398cebdb6ef77e68f88aaafc714d4ff05d914fcc4397eb8e94c,1574265108,47.1727417,-122.2959731
6db93f996408d398cebdb6ef77e68f88aaafc714d4ff05d914fcc4397eb8e94c,1574265230,47.1719561,-122.2961921
6db93f996408d398cebdb6ef77e68f88aaafc714d4ff05d914fcc4397eb8e94c,1574265554,47.1998107,-122.2810564
6db93f996408d398cebdb6ef77e68f88aaafc714d4ff05d914fcc4397eb8e94c,1574265805,47.2055661,-122.2519816
6db93f996408d398cebdb6ef77e68f88aaafc714d4ff05d914fcc4397eb8e94c,1574266147,47.2274883,-122.2492295
6db93f996408d398cebdb6ef77e68f88aaafc714d4ff05d914fcc4397eb8e94c,1574266410,47.2765587,-122.2598936
6db93f996408d398cebdb6ef77e68f88aaafc714d4ff05d914fcc4397eb8e94c,1574267009,47.346669,-122.1391905
6db93f996408d398cebdb6ef77e68f88aaafc714d4ff05d914fcc4397eb8e94c,1574267462,47.3890055,-122.1041384
6db93f996408d398cebdb6ef77e68f88aaafc714d4ff05d914fcc4397eb8e94c,1574320432,47.1700998,-122.3285758
6db93f996408d398cebdb6ef77e68f88aaafc714d4ff05d914fcc4397eb8e94c,1574322509,47.1471823,-122.3154398
6db93f996408d398cebdb6ef77e68f88aaafc714d4ff05d914fcc4397eb8e94c,1574328850,47.1462134,-122.3154907
6db93f996408d398cebdb6ef77e68f88aaafc714d4ff05d914fcc4397eb8e94c,1574329170,47.1481899,-122.3123727
6db93f996408d398cebdb6ef77e68f88aaafc714d4ff05d914fcc4397eb8e94c,1574329472,47.1474503,-122.3151616
6db93f996408d398cebdb6ef77e68f88aaafc714d4ff05d914fcc4397eb8e94c,1574372032,47.1521548,-122.3127119
6db93f996408d398cebdb6ef77e68f88aaafc714d4ff05d914fcc4397eb8e94c,1574372332,47.1481899,-122.3123727
6db93f996408d398cebdb6ef77e68f88aaafc714d4ff05d914fcc4397eb8e94c,1574381333,47.1437201,-122.3512674
6db93f996408d398cebdb6ef77e68f88aaafc714d4ff05d914fcc4397eb8e94c,1574381635,47.1431243,-122.3563769
6db93f996408d398cebdb6ef77e68f88aaafc714d4ff05d914fcc4397eb8e94c,1574382540,47.1394901,-122.3582122
6db93f996408d398cebdb6ef77e68f88aaafc714d4ff05d914fcc4397eb8e94c,1574382690,47.1431243,-122.3563769
6db93f996408d398cebdb6ef77e68f88aaafc714d4ff05d914fcc4397eb8e94c,1574387518,47.1399968,-122.3576827
6db93f996408d398cebdb6ef77e68f88aaafc714d4ff05d914fcc4397eb8e94c,1574387951,47.1431243,-122.3563769
6db93f996408d398cebdb6ef77e68f88aaafc714d4ff05d914fcc4397eb8e94c,1574389180,47.1431243,-122.3563769
6db93f996408d398cebdb6ef77e68f88aaafc714d4ff05d914fcc4397eb8e94c,1574396211,47.1481899,-122.3123727
6db93f996408d398cebdb6ef77e68f88aaafc714d4ff05d914fcc4397eb8e94c,1574401883,47.146874,-122.3168419
6db93f996408d398cebdb6ef77e68f88aaafc714d4ff05d914fcc4397eb8e94c,1574405972,47.1481899,-122.3123727
6db93f996408d398cebdb6ef77e68f88aaafc714d4ff05d914fcc4397eb8e94c,1574445088,47.301602,-122.2232361
6db93f996408d398cebdb6ef77e68f88aaafc714d4ff05d914fcc4397eb8e94c,1574451510,47.3891575,-122.1034603
6db93f996408d398cebdb6ef77e68f88aaafc714d4ff05d914fcc4397eb8e94c,1574451811,47.3947051,-122.0998721
6db93f996408d398cebdb6ef77e68f88aaafc714d4ff05d914fcc4397eb8e94c,1574459270,47.3883477,-122.1071396
6db93f996408d398cebdb6ef77e68f88aaafc714d4ff05d914fcc4397eb8e94c,1574475819,47.3824649,-122.1379159
6db93f996408d398cebdb6ef77e68f88aaafc714d4ff05d914fcc4397eb8e94c,1574476598,47.3864099,-122.1501804
6db93f996408d398cebdb6ef77e68f88aaafc714d4ff05d914fcc4397eb8e94c,1574476759,47.3824649,-122.1379159
6db93f996408d398cebdb6ef77e68f88aaafc714d4ff05d914fcc4397eb8e94c,1574489621,47.1467221,-122.315243
6db93f996408d398cebdb6ef77e68f88aaafc714d4ff05d914fcc4397eb8e94c,1574489787,47.1521548,-122.3127119
6db93f996408d398cebdb6ef77e68f88aaafc714d4ff05d914fcc4397eb8e94c,1574490475,47.1488068,-122.3125688
6db93f996408d398cebdb6ef77e68f88aaafc714d4ff05d914fcc4397eb8e94c,1574494289,47.1488068,-122.3125688
6db93f996408d398cebdb6ef77e68f88aaafc714d4ff05d914fcc4397eb8e94c,1574543118,47.150733,-122.4353464
6db93f996408d398cebdb6ef77e68f88aaafc714d4ff05d914fcc4397eb8e94c,1574544964,47.1520754,-122.4364696
6db93f996408d398cebdb6ef77e68f88aaafc714d4ff05d914fcc4397eb8e94c,1574545717,47.150733,-122.4353464
6db93f996408d398cebdb6ef77e68f88aaafc714d4ff05d914fcc4397eb8e94c,1574548679,47.1494718,-122.4365658
6db93f996408d398cebdb6ef77e68f88aaafc714d4ff05d914fcc4397eb8e94c,1574548993,47.1491139,-122.435577
6db93f996408d398cebdb6ef77e68f88aaafc714d4ff05d914fcc4397eb8e94c,1574563945,47.150733,-122.4353464
6db93f996408d398cebdb6ef77e68f88aaafc714d4ff05d914fcc4397eb8e94c,1574564066,47.1520754,-122.4364696
6db93f996408d398cebdb6ef77e68f88aaafc714d4ff05d914fcc4397eb8e94c,1574564390,47.1494777,-122.4366515
6db93f996408d398cebdb6ef77e68f88aaafc714d4ff05d914fcc4397eb8e94c,1574565916,47.1548966,-122.4136219
6db93f996408d398cebdb6ef77e68f88aaafc714d4ff05d914fcc4397eb8e94c,1574566076,47.1399826,-122.3812894
6db93f996408d398cebdb6ef77e68f88aaafc714d4ff05d914fcc4397eb8e94c,1574566680,47.1488068,-122.3125688
6db93f996408d398cebdb6ef77e68f88aaafc714d4ff05d914fcc4397eb8e94c,1574573361,47.1488068,-122.3125688
6db93f996408d398cebdb6ef77e68f88aaafc714d4ff05d914fcc4397eb8e94c,1574576460,47.1521548,-122.3127119
6db93f996408d398cebdb6ef77e68f88aaafc714d4ff05d914fcc4397eb8e94c,1574576701,47.1488068,-122.3125688
6db93f996408d398cebdb6ef77e68f88aaafc714d4ff05d914fcc4397eb8e94c,1574581777,47.1488068,-122.3125688
6db93f996408d398cebdb6ef77e68f88aaafc714d4ff05d914fcc4397eb8e94c,1574582011,47.1521548,-122.3127119
6db93f996408d398cebdb6ef77e68f88aaafc714d4ff05d914fcc4397eb8e94c,1574582400,47.1474503,-122.3151616
6db93f996408d398cebdb6ef77e68f88aaafc714d4ff05d914fcc4397eb8e94c,1574583586,47.1488068,-122.3125688
6db93f996408d398cebdb6ef77e68f88aaafc714d4ff05d914fcc4397eb8e94c,1574584804,47.1521548,-122.3127119
6db93f996408d398cebdb6ef77e68f88aaafc714d4ff05d914fcc4397eb8e94c,1574585794,47.1488068,-122.3125688
6db93f996408d398cebdb6ef77e68f88aaafc714d4ff05d914fcc4397eb8e94c,1574587599,47.1488068,-122.3125688
6db93f996408d398cebdb6ef77e68f88aaafc714d4ff05d914fcc4397eb8e94c,1574588189,47.1521548,-122.3127119
6db93f996408d398cebdb6ef77e68f88aaafc714d4ff05d914fcc4397eb8e94c,1574588462,47.1488068,-122.3125688
6db93f996408d398cebdb6ef77e68f88aaafc714d4ff05d914fcc4397eb8e94c,1574588598,47.1521548,-122.3127119
6db93f996408d398cebdb6ef77e68f88aaafc714d4ff05d914fcc4397eb8e94c,1574588919,47.1488068,-122.3125688
6db93f996408d398cebdb6ef77e68f88aaafc714d4ff05d914fcc4397eb8e94c,1574590836,47.1521548,-122.3127119
6db93f996408d398cebdb6ef77e68f88aaafc714d4ff05d914fcc4397eb8e94c,1574591436,47.1460521,-122.3073163
6db93f996408d398cebdb6ef77e68f88aaafc714d4ff05d914fcc4397eb8e94c,1574592338,47.1488068,-122.3125688
6db93f996408d398cebdb6ef77e68f88aaafc714d4ff05d914fcc4397eb8e94c,1574593497,47.1471413,-122.315804
6db93f996408d398cebdb6ef77e68f88aaafc714d4ff05d914fcc4397eb8e94c,1574593776,47.1521548,-122.3127119
6db93f996408d398cebdb6ef77e68f88aaafc714d4ff05d914fcc4397eb8e94c,1574594431,47.1488068,-122.3125688
6db93f996408d398cebdb6ef77e68f88aaafc714d4ff05d914fcc4397eb8e94c,1574595631,47.1521548,-122.3127119
6db93f996408d398cebdb6ef77e68f88aaafc714d4ff05d914fcc4397eb8e94c,1574596289,47.1488068,-122.3125688
6db93f996408d398cebdb6ef77e68f88aaafc714d4ff05d914fcc4397eb8e94c,1574598066,47.1521548,-122.3127119
6db93f996408d398cebdb6ef77e68f88aaafc714d4ff05d914fcc4397eb8e94c,1574598741,47.1460334,-122.321362
6db93f996408d398cebdb6ef77e68f88aaafc714d4ff05d914fcc4397eb8e94c,1574599342,47.1488068,-122.3125688
6db93f996408d398cebdb6ef77e68f88aaafc714d4ff05d914fcc4397eb8e94c,1574616738,47.1488068,-122.3125688
6db93f996408d398cebdb6ef77e68f88aaafc714d4ff05d914fcc4397eb8e94c,1574617316,47.1474503,-122.3151616
6db93f996408d398cebdb6ef77e68f88aaafc714d4ff05d914fcc4397eb8e94c,1574617903,47.1474503,-122.3151616
6db93f996408d398cebdb6ef77e68f88aaafc714d4ff05d914fcc4397eb8e94c,1574619736,47.1474503,-122.3151616
6db93f996408d398cebdb6ef77e68f88aaafc714d4ff05d914fcc4397eb8e94c,1574621522,47.1467221,-122.315243
6db93f996408d398cebdb6ef77e68f88aaafc714d4ff05d914fcc4397eb8e94c,1574625732,47.1488068,-122.3125688
6db93f996408d398cebdb6ef77e68f88aaafc714d4ff05d914fcc4397eb8e94c,1574633435,47.1488068,-122.3125688
6db93f996408d398cebdb6ef77e68f88aaafc714d4ff05d914fcc4397eb8e94c,1574633945,47.1462134,-122.3154907
6db93f996408d398cebdb6ef77e68f88aaafc714d4ff05d914fcc4397eb8e94c,1574634257,47.1488068,-122.3125688
6db93f996408d398cebdb6ef77e68f88aaafc714d4ff05d914fcc4397eb8e94c,1574634807,47.1488068,-122.3125688
6db93f996408d398cebdb6ef77e68f88aaafc714d4ff05d914fcc4397eb8e94c,1574642977,47.1467207,-122.3156303
6db93f996408d398cebdb6ef77e68f88aaafc714d4ff05d914fcc4397eb8e94c,1574660688,47.1462134,-122.3154907
6db93f996408d398cebdb6ef77e68f88aaafc714d4ff05d914fcc4397eb8e94c,1574665806,47.146874,-122.3168419
6db93f996408d398cebdb6ef77e68f88aaafc714d4ff05d914fcc4397eb8e94c,1574666114,47.1474503,-122.3151616
6db93f996408d398cebdb6ef77e68f88aaafc714d4ff05d914fcc4397eb8e94c,1574666417,47.1471823,-122.3154398
6db93f996408d398cebdb6ef77e68f88aaafc714d4ff05d914fcc4397eb8e94c,1574667019,47.1467012,-122.3166042
6db93f996408d398cebdb6ef77e68f88aaafc714d4ff05d914fcc4397eb8e94c,1574674269,47.146874,-122.3168419
6db93f996408d398cebdb6ef77e68f88aaafc714d4ff05d914fcc4397eb8e94c,1574701153,47.1632311,-122.29803
6db93f996408d398cebdb6ef77e68f88aaafc714d4ff05d914fcc4397eb8e94c,1574701757,47.3061305,-122.1771801
6db93f996408d398cebdb6ef77e68f88aaafc714d4ff05d914fcc4397eb8e94c,1574702364,47.3359833,-122.1758567
6db93f996408d398cebdb6ef77e68f88aaafc714d4ff05d914fcc4397eb8e94c,1574702667,47.3305604,-122.1558649
6db93f996408d398cebdb6ef77e68f88aaafc714d4ff05d914fcc4397eb8e94c,1574708661,47.3892256,-122.1037319
6db93f996408d398cebdb6ef77e68f88aaafc714d4ff05d914fcc4397eb8e94c,1574719724,47.3908319,-122.1002822
6db93f996408d398cebdb6ef77e68f88aaafc714d4ff05d914fcc4397eb8e94c,1574735872,47.3814738,-122.085568
6db93f996408d398cebdb6ef77e68f88aaafc714d4ff05d914fcc4397eb8e94c,1574736123,47.358425,-122.1146694
6db93f996408d398cebdb6ef77e68f88aaafc714d4ff05d914fcc4397eb8e94c,1574737009,47.3301848,-122.1559781
6db93f996408d398cebdb6ef77e68f88aaafc714d4ff05d914fcc4397eb8e94c,1574737331,47.2997785,-122.2550103
6db93f996408d398cebdb6ef77e68f88aaafc714d4ff05d914fcc4397eb8e94c,1574737454,47.2691013,-122.258471
6db93f996408d398cebdb6ef77e68f88aaafc714d4ff05d914fcc4397eb8e94c,1574737699,47.2493843,-122.2552329
6db93f996408d398cebdb6ef77e68f88aaafc714d4ff05d914fcc4397eb8e94c,1574737822,47.2279953,-122.2486976
6db93f996408d398cebdb6ef77e68f88aaafc714d4ff05d914fcc4397eb8e94c,1574738133,47.2033071,-122.2667151
6db93f996408d398cebdb6ef77e68f88aaafc714d4ff05d914fcc4397eb8e94c,1574738257,47.2024891,-122.2639196
6db93f996408d398cebdb6ef77e68f88aaafc714d4ff05d914fcc4397eb8e94c,1574738386,47.1987291,-122.2790993
6db93f996408d398cebdb6ef77e68f88aaafc714d4ff05d914fcc4397eb8e94c,1574738534,47.1957133,-122.2875966
6db93f996408d398cebdb6ef77e68f88aaafc714d4ff05d914fcc4397eb8e94c,1574738680,47.1723307,-122.2960806
6db93f996408d398cebdb6ef77e68f88aaafc714d4ff05d914fcc4397eb8e94c,1574738928,47.1626805,-122.3008395
6db93f996408d398cebdb6ef77e68f88aaafc714d4ff05d914fcc4397eb8e94c,1574739048,47.1597762,-122.3100664
6db93f996408d398cebdb6ef77e68f88aaafc714d4ff05d914fcc4397eb8e94c,1574740241,47.1477488,-122.309468
6db93f996408d398cebdb6ef77e68f88aaafc714d4ff05d914fcc4397eb8e94c,1574754144,47.1477488,-122.309468
6db93f996408d398cebdb6ef77e68f88aaafc714d4ff05d914fcc4397eb8e94c,1574766996,47.1477488,-122.309468
6db93f996408d398cebdb6ef77e68f88aaafc714d4ff05d914fcc4397eb8e94c,1574782545,47.1467207,-122.3152434
6db93f996408d398cebdb6ef77e68f88aaafc714d4ff05d914fcc4397eb8e94c,1574783771,47.1467207,-122.3152434
6db93f996408d398cebdb6ef77e68f88aaafc714d4ff05d914fcc4397eb8e94c,1574788860,47.1474503,-122.3151704
6db93f996408d398cebdb6ef77e68f88aaafc714d4ff05d914fcc4397eb8e94c,1574789162,47.1467207,-122.3152434
6db93f996408d398cebdb6ef77e68f88aaafc714d4ff05d914fcc4397eb8e94c,1574790276,47.1467207,-122.3152434
6db93f996408d398cebdb6ef77e68f88aaafc714d4ff05d914fcc4397eb8e94c,1574794058,47.1471491,-122.3162723
6db93f996408d398cebdb6ef77e68f88aaafc714d4ff05d914fcc4397eb8e94c,1574794395,47.1471763,-122.3154505
6db93f996408d398cebdb6ef77e68f88aaafc714d4ff05d914fcc4397eb8e94c,1574796259,47.1467207,-122.3152434
6db93f996408d398cebdb6ef77e68f88aaafc714d4ff05d914fcc4397eb8e94c,1574798899,47.1467207,-122.3152434
6db93f996408d398cebdb6ef77e68f88aaafc714d4ff05d914fcc4397eb8e94c,1574802085,47.1477488,-122.309468
6db93f996408d398cebdb6ef77e68f88aaafc714d4ff05d914fcc4397eb8e94c,1574802707,47.1477488,-122.309468
6db93f996408d398cebdb6ef77e68f88aaafc714d4ff05d914fcc4397eb8e94c,1574803256,47.1526613,-122.3121819
6db93f996408d398cebdb6ef77e68f88aaafc714d4ff05d914fcc4397eb8e94c,1574804168,47.1477488,-122.309468
6db93f996408d398cebdb6ef77e68f88aaafc714d4ff05d914fcc4397eb8e94c,1574804773,47.1474503,-122.3151704
6db93f996408d398cebdb6ef77e68f88aaafc714d4ff05d914fcc4397eb8e94c,1574806236,47.1477488,-122.309468
6db93f996408d398cebdb6ef77e68f88aaafc714d4ff05d914fcc4397eb8e94c,1574806538,47.1474503,-122.3151704
6db93f996408d398cebdb6ef77e68f88aaafc714d4ff05d914fcc4397eb8e94c,1574806840,47.1477488,-122.309468
6db93f996408d398cebdb6ef77e68f88aaafc714d4ff05d914fcc4397eb8e94c,1574808240,47.1477488,-122.309468
6db93f996408d398cebdb6ef77e68f88aaafc714d4ff05d914fcc4397eb8e94c,1574808844,47.1477488,-122.309468
6db93f996408d398cebdb6ef77e68f88aaafc714d4ff05d914fcc4397eb8e94c,1574810351,47.1477488,-122.309468
6db93f996408d398cebdb6ef77e68f88aaafc714d4ff05d914fcc4397eb8e94c,1574810848,47.1462111,-122.3154854
6db93f996408d398cebdb6ef77e68f88aaafc714d4ff05d914fcc4397eb8e94c,1574811157,47.1466891,-122.3163232
6db93f996408d398cebdb6ef77e68f88aaafc714d4ff05d914fcc4397eb8e94c,1574813878,47.1462111,-122.3154854
6db93f996408d398cebdb6ef77e68f88aaafc714d4ff05d914fcc4397eb8e94c,1574814502,47.1467207,-122.3152434
6db93f996408d398cebdb6ef77e68f88aaafc714d4ff05d914fcc4397eb8e94c,1574814986,47.1477488,-122.309468
6db93f996408d398cebdb6ef77e68f88aaafc714d4ff05d914fcc4397eb8e94c,1574820872,47.1472674,-122.3163677
6db93f996408d398cebdb6ef77e68f88aaafc714d4ff05d914fcc4397eb8e94c,1574823124,47.1477488,-122.309468
6db93f996408d398cebdb6ef77e68f88aaafc714d4ff05d914fcc4397eb8e94c,1574827502,47.1466891,-122.3163232
6db93f996408d398cebdb6ef77e68f88aaafc714d4ff05d914fcc4397eb8e94c,1574830862,47.1471491,-122.3162723
6db93f996408d398cebdb6ef77e68f88aaafc714d4ff05d914fcc4397eb8e94c,1574831164,47.1474503,-122.3151704
6db93f996408d398cebdb6ef77e68f88aaafc714d4ff05d914fcc4397eb8e94c,1574831614,47.1477488,-122.309468
6db93f996408d398cebdb6ef77e68f88aaafc714d4ff05d914fcc4397eb8e94c,1574839471,47.1477488,-122.309468
6db93f996408d398cebdb6ef77e68f88aaafc714d4ff05d914fcc4397eb8e94c,1574840675,47.1466858,-122.3165983
6db93f996408d398cebdb6ef77e68f88aaafc714d4ff05d914fcc4397eb8e94c,1574843078,47.1467207,-122.3152434
6db93f996408d398cebdb6ef77e68f88aaafc714d4ff05d914fcc4397eb8e94c,1574844293,47.1477488,-122.309468
6db93f996408d398cebdb6ef77e68f88aaafc714d4ff05d914fcc4397eb8e94c,1574845524,47.1467207,-122.3152434
6db93f996408d398cebdb6ef77e68f88aaafc714d4ff05d914fcc4397eb8e94c,1574846278,47.1477488,-122.309468
6db93f996408d398cebdb6ef77e68f88aaafc714d4ff05d914fcc4397eb8e94c,1574929526,47.1477969,-122.3096576
6db93f996408d398cebdb6ef77e68f88aaafc714d4ff05d914fcc4397eb8e94c,1574929928,47.1462111,-122.3154854
6db93f996408d398cebdb6ef77e68f88aaafc714d4ff05d914fcc4397eb8e94c,1574942131,47.1467207,-122.3152434
6db93f996408d398cebdb6ef77e68f88aaafc714d4ff05d914fcc4397eb8e94c,1574944983,47.1474503,-122.3151704
6db93f996408d398cebdb6ef77e68f88aaafc714d4ff05d914fcc4397eb8e94c,1574952171,47.1474503,-122.3151704
6db93f996408d398cebdb6ef77e68f88aaafc714d4ff05d914fcc4397eb8e94c,1574979909,47.1481899,-122.3123727
6db93f996408d398cebdb6ef77e68f88aaafc714d4ff05d914fcc4397eb8e94c,1574981382,47.1481899,-122.3123727
6db93f996408d398cebdb6ef77e68f88aaafc714d4ff05d914fcc4397eb8e94c,1574982048,47.147214,-122.3160116
6db93f996408d398cebdb6ef77e68f88aaafc714d4ff05d914fcc4397eb8e94c,1574982978,47.1481899,-122.3123727
6db93f996408d398cebdb6ef77e68f88aaafc714d4ff05d914fcc4397eb8e94c,1574987594,47.1481899,-122.3123727
6db93f996408d398cebdb6ef77e68f88aaafc714d4ff05d914fcc4397eb8e94c,1574989351,47.1481899,-122.3123727
6db93f996408d398cebdb6ef77e68f88aaafc714d4ff05d914fcc4397eb8e94c,1574991446,47.1474503,-122.3151704
6db93f996408d398cebdb6ef77e68f88aaafc714d4ff05d914fcc4397eb8e94c,1574996653,47.1544325,-122.3436278
6db93f996408d398cebdb6ef77e68f88aaafc714d4ff05d914fcc4397eb8e94c,1574998542,47.1491123,-122.4355774
6db93f996408d398cebdb6ef77e68f88aaafc714d4ff05d914fcc4397eb8e94c,1574998695,47.1498811,-122.4359398
6db93f996408d398cebdb6ef77e68f88aaafc714d4ff05d914fcc4397eb8e94c,1574998826,47.1505537,-122.4380561
6db93f996408d398cebdb6ef77e68f88aaafc714d4ff05d914fcc4397eb8e94c,1574998967,47.1498875,-122.4359779
6db93f996408d398cebdb6ef77e68f88aaafc714d4ff05d914fcc4397eb8e94c,1574999239,47.1520754,-122.4364696
6db93f996408d398cebdb6ef77e68f88aaafc714d4ff05d914fcc4397eb8e94c,1575000104,47.1553048,-122.4408675
6db93f996408d398cebdb6ef77e68f88aaafc714d4ff05d914fcc4397eb8e94c,1575000653,47.1548238,-122.3762553
6db93f996408d398cebdb6ef77e68f88aaafc714d4ff05d914fcc4397eb8e94c,1575001299,47.161047,-122.2894618
6db93f996408d398cebdb6ef77e68f88aaafc714d4ff05d914fcc4397eb8e94c,1575004315,47.1614075,-122.2893649
6db93f996408d398cebdb6ef77e68f88aaafc714d4ff05d914fcc4397eb8e94c,1575004616,47.1579271,-122.3159302
6db93f996408d398cebdb6ef77e68f88aaafc714d4ff05d914fcc4397eb8e94c,1575006263,47.1481899,-122.3123727
6db93f996408d398cebdb6ef77e68f88aaafc714d4ff05d914fcc4397eb8e94c,1575006957,47.1471763,-122.3154505
6db93f996408d398cebdb6ef77e68f88aaafc714d4ff05d914fcc4397eb8e94c,1575007957,47.1466858,-122.3165983
6db93f996408d398cebdb6ef77e68f88aaafc714d4ff05d914fcc4397eb8e94c,1575008559,47.1473403,-122.3166114
6db93f996408d398cebdb6ef77e68f88aaafc714d4ff05d914fcc4397eb8e94c,1575017157,47.1481899,-122.3123727
6db93f996408d398cebdb6ef77e68f88aaafc714d4ff05d914fcc4397eb8e94c,1575022836,47.1481899,-122.3123727
6db93f996408d398cebdb6ef77e68f88aaafc714d4ff05d914fcc4397eb8e94c,1575029224,47.1481899,-122.3123727
6db93f996408d398cebdb6ef77e68f88aaafc714d4ff05d914fcc4397eb8e94c,1575032228,47.1462111,-122.3154854
6db93f996408d398cebdb6ef77e68f88aaafc714d4ff05d914fcc4397eb8e94c,1575035961,47.1481899,-122.3123727
6db93f996408d398cebdb6ef77e68f88aaafc714d4ff05d914fcc4397eb8e94c,1575036299,47.1471763,-122.3154505
6db93f996408d398cebdb6ef77e68f88aaafc714d4ff05d914fcc4397eb8e94c,1575039859,47.1474503,-122.3151704
6db93f996408d398cebdb6ef77e68f88aaafc714d4ff05d914fcc4397eb8e94c,1575040905,47.1481899,-122.3123727
6db93f996408d398cebdb6ef77e68f88aaafc714d4ff05d914fcc4397eb8e94c,1575043500,47.1481899,-122.3123727
6db93f996408d398cebdb6ef77e68f88aaafc714d4ff05d914fcc4397eb8e94c,1575046464,47.1481899,-122.3123727
6db93f996408d398cebdb6ef77e68f88aaafc714d4ff05d914fcc4397eb8e94c,1575048306,47.1462111,-122.3154854
6db93f996408d398cebdb6ef77e68f88aaafc714d4ff05d914fcc4397eb8e94c,1575049939,47.1527934,-122.3117631
6db93f996408d398cebdb6ef77e68f88aaafc714d4ff05d914fcc4397eb8e94c,1575052916,47.1481899,-122.3123727
6db93f996408d398cebdb6ef77e68f88aaafc714d4ff05d914fcc4397eb8e94c,1575053168,47.1481899,-122.3123727
6db93f996408d398cebdb6ef77e68f88aaafc714d4ff05d914fcc4397eb8e94c,1575053638,47.1481899,-122.3123727
6db93f996408d398cebdb6ef77e68f88aaafc714d4ff05d914fcc4397eb8e94c,1575053935,47.1472454,-122.3172948
6db93f996408d398cebdb6ef77e68f88aaafc714d4ff05d914fcc4397eb8e94c,1575055196,47.1481899,-122.3123727
6db93f996408d398cebdb6ef77e68f88aaafc714d4ff05d914fcc4397eb8e94c,1575056104,47.1481899,-122.3123727
6db93f996408d398cebdb6ef77e68f88aaafc714d4ff05d914fcc4397eb8e94c,1575057805,47.1481899,-122.3123727
6db93f996408d398cebdb6ef77e68f88aaafc714d4ff05d914fcc4397eb8e94c,1575060006,47.1481899,-122.3123727
6db93f996408d398cebdb6ef77e68f88aaafc714d4ff05d914fcc4397eb8e94c,1575062566,47.150733,-122.4353464
6db93f996408d398cebdb6ef77e68f88aaafc714d4ff05d914fcc4397eb8e94c,1575062713,47.1520754,-122.4364696
6db93f996408d398cebdb6ef77e68f88aaafc714d4ff05d914fcc4397eb8e94c,1575062846,47.1491123,-122.4355774
6db93f996408d398cebdb6ef77e68f88aaafc714d4ff05d914fcc4397eb8e94c,1575065925,47.1476779,-122.4253488
6db93f996408d398cebdb6ef77e68f88aaafc714d4ff05d914fcc4397eb8e94c,1575066227,47.1442922,-122.3537542
6db93f996408d398cebdb6ef77e68f88aaafc714d4ff05d914fcc4397eb8e94c,1575066620,47.1364292,-122.3580875
6db93f996408d398cebdb6ef77e68f88aaafc714d4ff05d914fcc4397eb8e94c,1575067959,47.1364292,-122.3580875
6db93f996408d398cebdb6ef77e68f88aaafc714d4ff05d914fcc4397eb8e94c,1575068346,47.1369119,-122.3583386
6db93f996408d398cebdb6ef77e68f88aaafc714d4ff05d914fcc4397eb8e94c,1575071304,47.1481899,-122.3123727
6db93f996408d398cebdb6ef77e68f88aaafc714d4ff05d914fcc4397eb8e94c,1575071906,47.1481899,-122.3123727
6db93f996408d398cebdb6ef77e68f88aaafc714d4ff05d914fcc4397eb8e94c,1575073431,47.1481899,-122.3123727
6db93f996408d398cebdb6ef77e68f88aaafc714d4ff05d914fcc4397eb8e94c,1575076188,47.1472674,-122.3163677
6db93f996408d398cebdb6ef77e68f88aaafc714d4ff05d914fcc4397eb8e94c,1575077856,47.1481899,-122.3123727
6db93f996408d398cebdb6ef77e68f88aaafc714d4ff05d914fcc4397eb8e94c,1575078507,47.1481899,-122.3123727
6db93f996408d398cebdb6ef77e68f88aaafc714d4ff05d914fcc4397eb8e94c,1575080340,47.1471491,-122.3162723
6db93f996408d398cebdb6ef77e68f88aaafc714d4ff05d914fcc4397eb8e94c,1575081356,47.1462111,-122.3154854
6db93f996408d398cebdb6ef77e68f88aaafc714d4ff05d914fcc4397eb8e94c,1575082488,47.1481899,-122.3123727
6db93f996408d398cebdb6ef77e68f88aaafc714d4ff05d914fcc4397eb8e94c,1575085538,47.1481899,-122.3123727
6db93f996408d398cebdb6ef77e68f88aaafc714d4ff05d914fcc4397eb8e94c,1575103514,47.1481899,-122.3123727
6db93f996408d398cebdb6ef77e68f88aaafc714d4ff05d914fcc4397eb8e94c,1575108561,47.1481899,-122.3123727
6db93f996408d398cebdb6ef77e68f88aaafc714d4ff05d914fcc4397eb8e94c,1575109641,47.1481899,-122.3123727
6db93f996408d398cebdb6ef77e68f88aaafc714d4ff05d914fcc4397eb8e94c,1575110013,47.1481899,-122.3123727
6db93f996408d398cebdb6ef77e68f88aaafc714d4ff05d914fcc4397eb8e94c,1575143831,47.1481899,-122.3123727
6db93f996408d398cebdb6ef77e68f88aaafc714d4ff05d914fcc4397eb8e94c,1575154144,47.1481899,-122.3123727
6db93f996408d398cebdb6ef77e68f88aaafc714d4ff05d914fcc4397eb8e94c,1575156396,47.1481899,-122.3123727
97c849caf2367a58377e946eb575484fc691e6eb7bb15ceeed48b72ff7d9c64e,1554774611,47.9141361,-122.5606955
97c849caf2367a58377e946eb575484fc691e6eb7bb15ceeed48b72ff7d9c64e,1554781624,47.6328316,-122.3851598
97c849caf2367a58377e946eb575484fc691e6eb7bb15ceeed48b72ff7d9c64e,1554781885,47.6188789,-122.3594102
97c849caf2367a58377e946eb575484fc691e6eb7bb15ceeed48b72ff7d9c64e,1554783120,47.632541,-122.384525
97c849caf2367a58377e946eb575484fc691e6eb7bb15ceeed48b72ff7d9c64e,1554783724,47.6328961,-122.3855713
97c849caf2367a58377e946eb575484fc691e6eb7bb15ceeed48b72ff7d9c64e,1554784637,47.6360878,-122.3700325
97c849caf2367a58377e946eb575484fc691e6eb7bb15ceeed48b72ff7d9c64e,1554785375,47.633462,-122.3845575
97c849caf2367a58377e946eb575484fc691e6eb7bb15ceeed48b72ff7d9c64e,1554788979,47.4707792,-122.3321529
97c849caf2367a58377e946eb575484fc691e6eb7bb15ceeed48b72ff7d9c64e,1554791774,47.4799342,-122.2847401
97c849caf2367a58377e946eb575484fc691e6eb7bb15ceeed48b72ff7d9c64e,1554791777,47.4799342,-122.2847401
97c849caf2367a58377e946eb575484fc691e6eb7bb15ceeed48b72ff7d9c64e,1554796200,47.4799342,-122.2847401
97c849caf2367a58377e946eb575484fc691e6eb7bb15ceeed48b72ff7d9c64e,1554797989,47.4917536,-122.2808249
97c849caf2367a58377e946eb575484fc691e6eb7bb15ceeed48b72ff7d9c64e,1554798600,47.4785594,-122.2847685
97c849caf2367a58377e946eb575484fc691e6eb7bb15ceeed48b72ff7d9c64e,1554800050,47.4781414,-122.2829498
97c849caf2367a58377e946eb575484fc691e6eb7bb15ceeed48b72ff7d9c64e,1554800413,47.4799342,-122.2847401
97c849caf2367a58377e946eb575484fc691e6eb7bb15ceeed48b72ff7d9c64e,1554801100,47.4799342,-122.2847401
97c849caf2367a58377e946eb575484fc691e6eb7bb15ceeed48b72ff7d9c64e,1554802922,47.4782142,-122.2842189
97c849caf2367a58377e946eb575484fc691e6eb7bb15ceeed48b72ff7d9c64e,1554804490,47.4782848,-122.2830532
97c849caf2367a58377e946eb575484fc691e6eb7bb15ceeed48b72ff7d9c64e,1554804790,47.4782142,-122.2842189
97c849caf2367a58377e946eb575484fc691e6eb7bb15ceeed48b72ff7d9c64e,1554815918,47.4636145,-122.2823511
97c849caf2367a58377e946eb575484fc691e6eb7bb15ceeed48b72ff7d9c64e,1554816165,47.4491027,-122.208344
97c849caf2367a58377e946eb575484fc691e6eb7bb15ceeed48b72ff7d9c64e,1554818061,47.3592787,-122.3109774
97c849caf2367a58377e946eb575484fc691e6eb7bb15ceeed48b72ff7d9c64e,1554818704,47.3591588,-122.3099941
97c849caf2367a58377e946eb575484fc691e6eb7bb15ceeed48b72ff7d9c64e,1554935905,47.3112606,-122.3138111
97c849caf2367a58377e946eb575484fc691e6eb7bb15ceeed48b72ff7d9c64e,1555018749,47.3592787,-122.3109774
97c849caf2367a58377e946eb575484fc691e6eb7bb15ceeed48b72ff7d9c64e,1555019006,47.3582864,-122.31106
d01a212a23148fa52244ce75d247e35d53f96cd6d8b353b0b3e37a873e955527,1553273795,47.0937219,-122.6268223
d01a212a23148fa52244ce75d247e35d53f96cd6d8b353b0b3e37a873e955527,1553274037,47.1048866,-122.5817158
d01a212a23148fa52244ce75d247e35d53f96cd6d8b353b0b3e37a873e955527,1553274528,47.2313201,-122.4386019
d01a212a23148fa52244ce75d247e35d53f96cd6d8b353b0b3e37a873e955527,1553274769,47.2413827,-122.3937849
d01a212a23148fa52244ce75d247e35d53f96cd6d8b353b0b3e37a873e955527,1553275010,47.2405735,-122.3409782
d01a212a23148fa52244ce75d247e35d53f96cd6d8b353b0b3e37a873e955527,1553275309,47.3474836,-122.2935045
d01a212a23148fa52244ce75d247e35d53f96cd6d8b353b0b3e37a873e955527,1553275675,47.4314535,-122.2728544
d01a212a23148fa52244ce75d247e35d53f96cd6d8b353b0b3e37a873e955527,1553277669,47.3285783,-122.2950204
d01a212a23148fa52244ce75d247e35d53f96cd6d8b353b0b3e37a873e955527,1553278033,47.2441833,-122.3526359
d01a212a23148fa52244ce75d247e35d53f96cd6d8b353b0b3e37a873e955527,1553278519,47.1927171,-122.4635203
d01a212a23148fa52244ce75d247e35d53f96cd6d8b353b0b3e37a873e955527,1553279001,47.123389,-122.5509893
d01a212a23148fa52244ce75d247e35d53f96cd6d8b353b0b3e37a873e955527,1553279241,47.0825154,-122.6699328
d01a212a23148fa52244ce75d247e35d53f96cd6d8b353b0b3e37a873e955527,1553387091,47.0832096,-122.6666997
d01a212a23148fa52244ce75d247e35d53f96cd6d8b353b0b3e37a873e955527,1553387337,47.0945713,-122.6194343
d01a212a23148fa52244ce75d247e35d53f96cd6d8b353b0b3e37a873e955527,1553387585,47.1023852,-122.5970696
d01a212a23148fa52244ce75d247e35d53f96cd6d8b353b0b3e37a873e955527,1553387827,47.1134737,-122.5665379
d01a212a23148fa52244ce75d247e35d53f96cd6d8b353b0b3e37a873e955527,1553388084,47.1607497,-122.4851717
d01a212a23148fa52244ce75d247e35d53f96cd6d8b353b0b3e37a873e955527,1553388666,47.182797,-122.4638885
d01a212a23148fa52244ce75d247e35d53f96cd6d8b353b0b3e37a873e955527,1553389052,47.1762305,-122.4631589
d01a212a23148fa52244ce75d247e35d53f96cd6d8b353b0b3e37a873e955527,1553393827,47.1770179,-122.4671056
d01a212a23148fa52244ce75d247e35d53f96cd6d8b353b0b3e37a873e955527,1553397769,47.1463087,-122.5089235
d01a212a23148fa52244ce75d247e35d53f96cd6d8b353b0b3e37a873e955527,1553398011,47.0953457,-122.6180723
d01a212a23148fa52244ce75d247e35d53f96cd6d8b353b0b3e37a873e955527,1572803394,47.0829688,-122.6663902
d01a212a23148fa52244ce75d247e35d53f96cd6d8b353b0b3e37a873e955527,1572803637,47.1080311,-122.5772248
d01a212a23148fa52244ce75d247e35d53f96cd6d8b353b0b3e37a873e955527,1572803880,47.1309086,-122.5352724
d01a212a23148fa52244ce75d247e35d53f96cd6d8b353b0b3e37a873e955527,1572804472,47.2368492,-122.5015145
d01a212a23148fa52244ce75d247e35d53f96cd6d8b353b0b3e37a873e955527,1572804722,47.2804496,-122.5616484
d01a212a23148fa52244ce75d247e35d53f96cd6d8b353b0b3e37a873e955527,1572804975,47.3800572,-122.6236946
d01a212a23148fa52244ce75d247e35d53f96cd6d8b353b0b3e37a873e955527,1572805219,47.4500039,-122.6316437
d01a212a23148fa52244ce75d247e35d53f96cd6d8b353b0b3e37a873e955527,1572805950,47.4819396,-122.6334571
d01a212a23148fa52244ce75d247e35d53f96cd6d8b353b0b3e37a873e955527,1572806194,47.4632563,-122.6254968
d01a212a23148fa52244ce75d247e35d53f96cd6d8b353b0b3e37a873e955527,1572807376,47.4514812,-122.6456386
d01a212a23148fa52244ce75d247e35d53f96cd6d8b353b0b3e37a873e955527,1572808104,47.4350273,-122.6314072
d01a212a23148fa52244ce75d247e35d53f96cd6d8b353b0b3e37a873e955527,1572808347,47.3837969,-122.6237534
d01a212a23148fa52244ce75d247e35d53f96cd6d8b353b0b3e37a873e955527,1572808590,47.3187791,-122.5888784
d01a212a23148fa52244ce75d247e35d53f96cd6d8b353b0b3e37a873e955527,1572808834,47.2774598,-122.5615448
d01a212a23148fa52244ce75d247e35d53f96cd6d8b353b0b3e37a873e955527,1572809076,47.2579637,-122.5334022
d01a212a23148fa52244ce75d247e35d53f96cd6d8b353b0b3e37a873e955527,1572809563,47.1568826,-122.4920004
d01a212a23148fa52244ce75d247e35d53f96cd6d8b353b0b3e37a873e955527,1572809808,47.1223237,-122.5530352
d01a212a23148fa52244ce75d247e35d53f96cd6d8b353b0b3e37a873e955527,1572810050,47.0955866,-122.6183815
d01a212a23148fa52244ce75d247e35d53f96cd6d8b353b0b3e37a873e955527,1572814060,47.0790161,-122.6819354
d01a212a23148fa52244ce75d247e35d53f96cd6d8b353b0b3e37a873e955527,1574282732,47.077119,-122.688926
d01a212a23148fa52244ce75d247e35d53f96cd6d8b353b0b3e37a873e955527,1574282985,47.1115264,-122.5705184
d01a212a23148fa52244ce75d247e35d53f96cd6d8b353b0b3e37a873e955527,1574287279,47.1633356,-122.4802364
d01a212a23148fa52244ce75d247e35d53f96cd6d8b353b0b3e37a873e955527,1574287523,47.1333547,-122.5302165
d01a212a23148fa52244ce75d247e35d53f96cd6d8b353b0b3e37a873e955527,1574287764,47.1144668,-122.5656233
d01a212a23148fa52244ce75d247e35d53f96cd6d8b353b0b3e37a873e955527,1574288007,47.077119,-122.688926
f32492e1387ee27bb34969fb5988bf48324408295372721b9bd7b4816a9cedf4,1552422152,47.4355003,-122.3163493
f32492e1387ee27bb34969fb5988bf48324408295372721b9bd7b4816a9cedf4,1552422165,47.4333275,-122.3059164
f32492e1387ee27bb34969fb5988bf48324408295372721b9bd7b4816a9cedf4,1552422172,47.4332398,-122.3105274
f32492e1387ee27bb34969fb5988bf48324408295372721b9bd7b4816a9cedf4,1552422252,47.4338589,-122.3042296
f32492e1387ee27bb34969fb5988bf48324408295372721b9bd7b4816a9cedf4,1552422257,47.4285396,-122.295119
f32492e1387ee27bb34969fb5988bf48324408295372721b9bd7b4816a9cedf4,1552422570,47.4355003,-122.3163493
f32492e1387ee27bb34969fb5988bf48324408295372721b9bd7b4816a9cedf4,1552424829,47.4727479,-122.2065817
f32492e1387ee27bb34969fb5988bf48324408295372721b9bd7b4816a9cedf4,1552450576,47.5651336,-122.0224265
f32492e1387ee27bb34969fb5988bf48324408295372721b9bd7b4816a9cedf4,1552558005,47.5651336,-122.0224265
f32492e1387ee27bb34969fb5988bf48324408295372721b9bd7b4816a9cedf4,1552744677,47.5651336,-122.0224265
f32492e1387ee27bb34969fb5988bf48324408295372721b9bd7b4816a9cedf4,1552762900,47.5497585,-122.0213735
f32492e1387ee27bb34969fb5988bf48324408295372721b9bd7b4816a9cedf4,1552771451,47.5362588,-122.0285562
f32492e1387ee27bb34969fb5988bf48324408295372721b9bd7b4816a9cedf4,1553567382,47.5228765,-122.1988588
f32492e1387ee27bb34969fb5988bf48324408295372721b9bd7b4816a9cedf4,1553767414,47.5652655,-122.022003
f32492e1387ee27bb34969fb5988bf48324408295372721b9bd7b4816a9cedf4,1553813656,47.6502374,-122.1444619
f32492e1387ee27bb34969fb5988bf48324408295372721b9bd7b4816a9cedf4,1553912886,47.6472618,-122.0867729
f32492e1387ee27bb34969fb5988bf48324408295372721b9bd7b4816a9cedf4,1553912887,47.6472618,-122.0867729
f32492e1387ee27bb34969fb5988bf48324408295372721b9bd7b4816a9cedf4,1554207926,47.5648882,-122.0221182
f32492e1387ee27bb34969fb5988bf48324408295372721b9bd7b4816a9cedf4,1554342443,47.6657475,-122.1126592
f32492e1387ee27bb34969fb5988bf48324408295372721b9bd7b4816a9cedf4,1554381513,47.5635696,-122.0263519
f32492e1387ee27bb34969fb5988bf48324408295372721b9bd7b4816a9cedf4,1555148343,47.5647565,-122.0225416
f32492e1387ee27bb34969fb5988bf48324408295372721b9bd7b4816a9cedf4,1555157466,47.5647565,-122.0225416
f32492e1387ee27bb34969fb5988bf48324408295372721b9bd7b4816a9cedf4,1555505305,47.572343,-122.0255904
f32492e1387ee27bb34969fb5988bf48324408295372721b9bd7b4816a9cedf4,1555671556,47.5604378,-122.0265414
f32492e1387ee27bb34969fb5988bf48324408295372721b9bd7b4816a9cedf4,1556308420,47.6364003,-122.1434281
f32492e1387ee27bb34969fb5988bf48324408295372721b9bd7b4816a9cedf4,1556308857,47.6389051,-122.1391254
f32492e1387ee27bb34969fb5988bf48324408295372721b9bd7b4816a9cedf4,1556310801,47.6364003,-122.1434281
f32492e1387ee27bb34969fb5988bf48324408295372721b9bd7b4816a9cedf4,1556311643,47.6370635,-122.1413082
f32492e1387ee27bb34969fb5988bf48324408295372721b9bd7b4816a9cedf4,1556311802,47.629816,-122.1327551
f32492e1387ee27bb34969fb5988bf48324408295372721b9bd7b4816a9cedf4,1556323828,47.6675229,-122.1270912
f32492e1387ee27bb34969fb5988bf48324408295372721b9bd7b4816a9cedf4,1556324793,47.6710792,-122.1244766
f98247efb013243c91c247aa6c6e119e71404a698005d1e3ee7654f17130cb25,1552522827,47.6515886,-122.3273974
f98247efb013243c91c247aa6c6e119e71404a698005d1e3ee7654f17130cb25,1552850582,47.9993149,-122.2218245
f98247efb013243c91c247aa6c6e119e71404a698005d1e3ee7654f17130cb25,1552851399,47.9990418,-122.2215741
f98247efb013243c91c247aa6c6e119e71404a698005d1e3ee7654f17130cb25,1553827223,47.590755,-122.3302219
f98247efb013243c91c247aa6c6e119e71404a698005d1e3ee7654f17130cb25,1553840035,47.9980326,-122.2213733
f98247efb013243c91c247aa6c6e119e71404a698005d1e3ee7654f17130cb25,1554524949,48.0812004,-122.1851317
f98247efb013243c91c247aa6c6e119e71404a698005d1e3ee7654f17130cb25,1554878292,48.0025221,-122.2193118
f98247efb013243c91c247aa6c6e119e71404a698005d1e3ee7654f17130cb25,1554879162,47.9990426,-122.2218204
f98247efb013243c91c247aa6c6e119e71404a698005d1e3ee7654f17130cb25,1554880056,48.0025221,-122.2193118
f98247efb013243c91c247aa6c6e119e71404a698005d1e3ee7654f17130cb25,1554880372,47.9955709,-122.2225579
f98247efb013243c91c247aa6c6e119e71404a698005d1e3ee7654f17130cb25,1555020423,47.9955709,-122.2225579
f98247efb013243c91c247aa6c6e119e71404a698005d1e3ee7654f17130cb25,1555021060,47.9993218,-122.2221718
f98247efb013243c91c247aa6c6e119e71404a698005d1e3ee7654f17130cb25,1555021413,47.9989616,-122.2204288
f98247efb013243c91c247aa6c6e119e71404a698005d1e3ee7654f17130cb25,1555110697,48.0031439,-122.2208003
f98247efb013243c91c247aa6c6e119e71404a698005d1e3ee7654f17130cb25,1555184091,47.9990426,-122.2218204
f98247efb013243c91c247aa6c6e119e71404a698005d1e3ee7654f17130cb25,1555184339,48.0015228,-122.2174606
f98247efb013243c91c247aa6c6e119e71404a698005d1e3ee7654f17130cb25,1555443941,47.4833374,-122.2630671