user_ID,Unnamed: 0,unix_start_t,mark_1,orig_lat,orig_long,orig_unc,stay_lat,stay_long,stay_unc,stay_dur,stay_ind,human_start_t,unix_start_date,stay,index
2625647e11173f95ef14599c4835355cfe2f492adb3a2e1a7a47748760345612,17,1553982094,0,47.1159522,-122.2650743,1500,47.1167128,-122.2670763,1500,-1,-1,1.9033E+11,3/30/19,1,
2625647e11173f95ef14599c4835355cfe2f492adb3a2e1a7a47748760345612,18,1553984305,0,47.097726,-122.2924183,135,47.097726,-122.2924183,135,-1,-1,1.9033E+11,3/30/19,2,
2625647e11173f95ef14599c4835355cfe2f492adb3a2e1a7a47748760345612,19,1553986143,0,47.0213003,-122.2982385,128,47.02177255,-122.2974952,128,-1,-1,1.9033E+11,3/30/19,3,
2625647e11173f95ef14599c4835355cfe2f492adb3a2e1a7a47748760345612,20,1553986579,0,46.9719447,-122.2977938,2668,46.9719447,-122.2977938,2668,-1,-1,1.9033E+11,3/30/19,4,
2625647e11173f95ef14599c4835355cfe2f492adb3a2e1a7a47748760345612,21,1553986941,0,46.8685675,-122.2715128,2786,46.8685675,-122.2715128,2786,-1,-1,1.9033E+11,3/30/19,5,
2625647e11173f95ef14599c4835355cfe2f492adb3a2e1a7a47748760345612,22,1554003196,0,46.9071878,-122.2984671,2900,46.9071878,-122.2984671,2900,-1,-1,1.9033E+11,3/31/19,6,
2625647e11173f95ef14599c4835355cfe2f492adb3a2e1a7a47748760345612,23,1554003789,0,47.0222448,-122.2967518,128,47.02177255,-122.2974952,128,-1,-1,1.9033E+11,3/31/19,7,
2625647e11173f95ef14599c4835355cfe2f492adb3a2e1a7a47748760345612,24,1554147565,0,47.1172909,-122.2931139,1900,47.1172909,-122.2931139,1900,-1,-1,1.90401E+11,4/1/19,8,
2625647e11173f95ef14599c4835355cfe2f492adb3a2e1a7a47748760345612,25,1554149508,0,47.2225364,-122.2466355,122,47.2196793,-122.2471184,459,-1,-1,1.90401E+11,4/1/19,9,
2625647e11173f95ef14599c4835355cfe2f492adb3a2e1a7a47748760345612,26,1554149763,0,47.2878508,-122.2570387,116,47.285586300000006,-122.2567713,252,-1,-1,1.90401E+11,4/1/19,10,
2625647e11173f95ef14599c4835355cfe2f492adb3a2e1a7a47748760345612,27,1554150019,0,47.352749,-122.2403602,142,47.35316770000001,-122.2425242,530,-1,-1,1.90401E+11,4/1/19,11,
2625647e11173f95ef14599c4835355cfe2f492adb3a2e1a7a47748760345612,28,1554150345,0,47.4140638,-122.2207713,1200,47.414168,-122.220109,1200,-1,-1,1.90401E+11,4/1/19,12,
2625647e11173f95ef14599c4835355cfe2f492adb3a2e1a7a47748760345612,29,1554151177,0,47.4143764,-122.2187845,274,47.414168,-122.220109,274,-1,-1,1.90401E+11,4/1/19,12,
2625647e11173f95ef14599c4835355cfe2f492adb3a2e1a7a47748760345612,30,1554193765,0,47.3792499,-122.2394016,3240,47.3792499,-122.2394016,3240,-1,-1,1.90402E+11,4/2/19,13,
2625647e11173f95ef14599c4835355cfe2f492adb3a2e1a7a47748760345612,31,1554194005,0,47.2512795,-122.2539563,135,47.2518774,-122.2550836,135,-1,-1,1.90402E+11,4/2/19,14,
2625647e11173f95ef14599c4835355cfe2f492adb3a2e1a7a47748760345612,32,1554194494,0,47.1831243,-122.2561642,1725,47.18483365,-122.256307,1725,-1,-1,1.90402E+11,4/2/19,15,
2625647e11173f95ef14599c4835355cfe2f492adb3a2e1a7a47748760345612,33,1554235321,0,47.1433377,-122.2599365,900,47.1433377,-122.2599365,900,-1,-1,1.90402E+11,4/2/19,16,
2625647e11173f95ef14599c4835355cfe2f492adb3a2e1a7a47748760345612,34,1554236796,0,47.4140638,-122.2207713,1200,47.414168,-122.220109,1200,-1,-1,1.90402E+11,4/2/19,17,
2625647e11173f95ef14599c4835355cfe2f492adb3a2e1a7a47748760345612,35,1554697633,0,47.1174734,-122.2690782,331,47.1167128,-122.2670763,331,-1,-1,1.90407E+11,4/8/19,18,
2625647e11173f95ef14599c4835355cfe2f492adb3a2e1a7a47748760345612,36,1554797522,0,47.3475032,-122.2536908,1300,47.3475032,-122.2536908,1300,-1,-1,1.90409E+11,4/9/19,19,
2625647e11173f95ef14599c4835355cfe2f492adb3a2e1a7a47748760345612,37,1554797764,0,47.2833218,-122.2565039,1400,47.285586300000006,-122.2567713,1400,-1,-1,1.90409E+11,4/9/19,20,
2625647e11173f95ef14599c4835355cfe2f492adb3a2e1a7a47748760345612,38,1554798007,0,47.2204613,-122.2447287,128,47.2196793,-122.2471184,459,-1,-1,1.90409E+11,4/9/19,21,
2625647e11173f95ef14599c4835355cfe2f492adb3a2e1a7a47748760345612,39,1554798495,0,47.186543,-122.2564498,3096,47.18483365,-122.256307,3096,-1,-1,1.90409E+11,4/9/19,22,
2625647e11173f95ef14599c4835355cfe2f492adb3a2e1a7a47748760345612,40,1554883886,0,47.4068553,-122.2281661,1617,47.4068553,-122.2281661,1617,-1,-1,1.9041E+11,4/10/19,23,
2625647e11173f95ef14599c4835355cfe2f492adb3a2e1a7a47748760345612,41,1554884139,0,47.3484197,-122.2432415,1624,47.35316770000001,-122.2425242,1624,-1,-1,1.9041E+11,4/10/19,24,
2625647e11173f95ef14599c4835355cfe2f492adb3a2e1a7a47748760345612,42,1554884391,0,47.3142613,-122.2455617,3199,47.3142613,-122.2455617,3199,-1,-1,1.9041E+11,4/10/19,25,
2625647e11173f95ef14599c4835355cfe2f492adb3a2e1a7a47748760345612,43,1554884640,0,47.2002532,-122.283964,1300,47.2002532,-122.283964,1300,-1,-1,1.9041E+11,4/10/19,26,
2625647e11173f95ef14599c4835355cfe2f492adb3a2e1a7a47748760345612,44,1554885265,0,47.3142613,-122.2455617,1228,47.3142613,-122.2455617,1228,-1,-1,1.9041E+11,4/10/19,27,
2625647e11173f95ef14599c4835355cfe2f492adb3a2e1a7a47748760345612,45,1555014275,0,47.199907,-122.250997,128,47.199907,-122.250997,128,-1,-1,1.90411E+11,4/11/19,28,
2625647e11173f95ef14599c4835355cfe2f492adb3a2e1a7a47748760345612,46,1555015616,0,47.3558005,-122.2424343,156,47.35316770000001,-122.2425242,530,-1,-1,1.90411E+11,4/11/19,29,
2625647e11173f95ef14599c4835355cfe2f492adb3a2e1a7a47748760345612,47,1555057003,0,47.3557016,-122.2440606,110,47.35316770000001,-122.2425242,530,-1,-1,1.90412E+11,4/12/19,29,
2625647e11173f95ef14599c4835355cfe2f492adb3a2e1a7a47748760345612,48,1555057364,0,47.2524753,-122.2562109,1200,47.2518774,-122.2550836,1200,-1,-1,1.90412E+11,4/12/19,30,
2625647e11173f95ef14599c4835355cfe2f492adb3a2e1a7a47748760345612,49,1555057606,0,47.2160402,-122.249991,2400,47.2196793,-122.2471184,2400,-1,-1,1.90412E+11,4/12/19,31,
2625647e11173f95ef14599c4835355cfe2f492adb3a2e1a7a47748760345612,50,1555057850,0,47.1605212,-122.3003255,135,47.1605212,-122.3003255,135,-1,-1,1.90412E+11,4/12/19,32,
3ab7c1282d7c0ed632f93d6ca1c81ef0bf74351f50b8cb9eafe4167004ca373a,51,1573184859,0,47.4685783,-122.226445,156,47.46587135,-122.2250324,319,-1,-1,1.91107E+11,11/8/19,1,
3ab7c1282d7c0ed632f93d6ca1c81ef0bf74351f50b8cb9eafe4167004ca373a,52,1573258921,0,47.4686032,-122.2078277,1400,47.4686032,-122.2078277,1400,-1,-1,1.91108E+11,11/9/19,2,
3ab7c1282d7c0ed632f93d6ca1c81ef0bf74351f50b8cb9eafe4167004ca373a,53,1573259389,0,47.447802,-122.2664367,1000,47.447802,-122.2664367,1000,-1,-1,1.91108E+11,11/9/19,3,
3ab7c1282d7c0ed632f93d6ca1c81ef0bf74351f50b8cb9eafe4167004ca373a,54,1573259690,0,47.4178161,-122.2880065,1100,47.4178161,-122.2880065,1100,-1,-1,1.91108E+11,11/9/19,4,
3ab7c1282d7c0ed632f93d6ca1c81ef0bf74351f50b8cb9eafe4167004ca373a,55,1573260121,0,47.3259255,-122.295204,1300,47.3259255,-122.295204,1300,-1,-1,1.91108E+11,11/9/19,5,
3ab7c1282d7c0ed632f93d6ca1c81ef0bf74351f50b8cb9eafe4167004ca373a,56,1573260563,0,47.3111494,-122.2820668,149,47.3111494,-122.2820668,149,-1,-1,1.91108E+11,11/9/19,6,
3ab7c1282d7c0ed632f93d6ca1c81ef0bf74351f50b8cb9eafe4167004ca373a,57,1573261169,0,47.2532781,-122.2666225,1100,47.2532781,-122.2666225,1100,-1,-1,1.91108E+11,11/9/19,7,
3ab7c1282d7c0ed632f93d6ca1c81ef0bf74351f50b8cb9eafe4167004ca373a,58,1573261447,0,47.2472867,-122.2543384,1300,47.2472867,-122.2543384,1300,-1,-1,1.91108E+11,11/9/19,8,
3ab7c1282d7c0ed632f93d6ca1c81ef0bf74351f50b8cb9eafe4167004ca373a,59,1573262002,0,47.2180885,-122.2467181,1500,47.2180885,-122.2467181,1500,-1,-1,1.91108E+11,11/9/19,9,
3ab7c1282d7c0ed632f93d6ca1c81ef0bf74351f50b8cb9eafe4167004ca373a,60,1573262324,0,47.2027418,-122.2501659,1800,47.2027418,-122.2501659,1800,-1,-1,1.91108E+11,11/9/19,10,
3ab7c1282d7c0ed632f93d6ca1c81ef0bf74351f50b8cb9eafe4167004ca373a,61,1573262636,0,47.1849934,-122.2493928,1500,47.1849934,-122.2493928,1500,-1,-1,1.91108E+11,11/9/19,11,
3ab7c1282d7c0ed632f93d6ca1c81ef0bf74351f50b8cb9eafe4167004ca373a,62,1573263246,0,47.1460294,-122.2569173,116,47.1460294,-122.2569173,116,-1,-1,1.91108E+11,11/9/19,12,
3ab7c1282d7c0ed632f93d6ca1c81ef0bf74351f50b8cb9eafe4167004ca373a,63,1573267470,0,47.4631644,-122.2236197,149,47.46587135,-122.2250324,319,-1,-1,1.91108E+11,11/9/19,13,
3ab7c1282d7c0ed632f93d6ca1c81ef0bf74351f50b8cb9eafe4167004ca373a,64,1573410939,0,47.5044516,-122.1446206,1200,47.50298786666667,-122.1449354,1200,-1,-1,1.9111E+11,11/10/19,14,
3ab7c1282d7c0ed632f93d6ca1c81ef0bf74351f50b8cb9eafe4167004ca373a,65,1573411600,0,47.5000604,-122.1455649,900,47.50298786666667,-122.1449354,900,-1,-1,1.9111E+11,11/10/19,14,
3ab7c1282d7c0ed632f93d6ca1c81ef0bf74351f50b8cb9eafe4167004ca373a,66,1573414865,0,47.5044516,-122.1446206,1200,47.50298786666667,-122.1449354,1200,-1,-1,1.9111E+11,11/10/19,14,
3ab7c1282d7c0ed632f93d6ca1c81ef0bf74351f50b8cb9eafe4167004ca373a,67,1573528927,0,47.5001327,-122.2005861,142,47.5001327,-122.2005861,142,-1,-1,1.91111E+11,11/12/19,15,
3ab7c1282d7c0ed632f93d6ca1c81ef0bf74351f50b8cb9eafe4167004ca373a,68,1573529180,0,47.4611206,-122.2519648,388,47.4611206,-122.2519648,388,-1,-1,1.91111E+11,11/12/19,16,
3ea9e7e79431fc8fcc2fb447ee0dfc6a9fca74cc9e54558b80785b8577f6f37f,397,1573141463,0,47.3011483,-122.2549815,1000,47.3011483,-122.2549815,1000,-1,-1,1.91107E+11,11/7/19,1,
3ea9e7e79431fc8fcc2fb447ee0dfc6a9fca74cc9e54558b80785b8577f6f37f,398,1573175359,0,47.44385,-122.2974275,1000,47.4419445,-122.2987868,1000,-1,-1,1.91107E+11,11/8/19,2,
3ea9e7e79431fc8fcc2fb447ee0dfc6a9fca74cc9e54558b80785b8577f6f37f,399,1573175395,0,47.4413005,-122.2936026,800,47.4419445,-122.2987868,800,-1,-1,1.91107E+11,11/8/19,2,
3ea9e7e79431fc8fcc2fb447ee0dfc6a9fca74cc9e54558b80785b8577f6f37f,400,1573183544,0,47.4446033,-122.2972027,1000,47.4419445,-122.2987868,1000,-1,-1,1.91107E+11,11/8/19,2,
3ea9e7e79431fc8fcc2fb447ee0dfc6a9fca74cc9e54558b80785b8577f6f37f,401,1573183547,0,47.4406572,-122.303793,178,47.4419445,-122.2987868,402,-1,-1,1.91107E+11,11/8/19,2,
3ea9e7e79431fc8fcc2fb447ee0dfc6a9fca74cc9e54558b80785b8577f6f37f,402,1573185001,0,47.4393115,-122.3019082,279,47.4419445,-122.2987868,402,-1,-1,1.91107E+11,11/8/19,2,
,429,1555977151,0,47.4986131,-122.3090977,104,47.4986131,-122.3090977,104,-1,-1,1.90422E+11,4/22/19,1,40e27edbc0d0b5684d5fe2ca909e0b70fc05910370d862c149a20cdd93637972
5b60012041533aca8a11b86cc391e1ae0ca7e0a9de6e2eadba332b6d66825bf6,430,1554396100,1,47.5627136,-122.3787165,165,47.56472775,-122.3762758,289,-1,-1,1.90404E+11,4/4/19,1,
5b60012041533aca8a11b86cc391e1ae0ca7e0a9de6e2eadba332b6d66825bf6,431,1554440903,1,47.5372619,-122.3839634,165,47.5393032,-122.3839082,698,-1,-1,1.90404E+11,4/5/19,2,
5b60012041533aca8a11b86cc391e1ae0ca7e0a9de6e2eadba332b6d66825bf6,432,1554447014,1,47.5373229,-122.3839398,163,47.5393032,-122.3839082,698,-1,-1,1.90404E+11,4/5/19,2,
5b60012041533aca8a11b86cc391e1ae0ca7e0a9de6e2eadba332b6d66825bf6,433,1554447075,1,47.5372314,-122.3840203,158,47.5393032,-122.3839082,698,-1,-1,1.90404E+11,4/5/19,2,
5b60012041533aca8a11b86cc391e1ae0ca7e0a9de6e2eadba332b6d66825bf6,434,1554563960,1,47.5708923,-122.3644501,113,47.57034298,-122.3622729,382,-1,-1,1.90406E+11,4/6/19,3,
5b60012041533aca8a11b86cc391e1ae0ca7e0a9de6e2eadba332b6d66825bf6,435,1554563963,1,47.5707092,-122.361588,165,47.57034298,-122.3622729,382,-1,-1,1.90406E+11,4/6/19,3,
5b60012041533aca8a11b86cc391e1ae0ca7e0a9de6e2eadba332b6d66825bf6,436,1554569079,1,47.6000366,-122.320093,165,47.6000366,-122.320093,165,-1,-1,1.90406E+11,4/6/19,4,
5b60012041533aca8a11b86cc391e1ae0ca7e0a9de6e2eadba332b6d66825bf6,437,1554569807,1,47.5887451,-122.3212283,165,47.58505245,-122.3206201,413,-1,-1,1.90406E+11,4/6/19,5,
5b60012041533aca8a11b86cc391e1ae0ca7e0a9de6e2eadba332b6d66825bf6,438,1554570389,1,47.5813598,-122.3200118,165,47.58505245,-122.3206201,413,-1,-1,1.90406E+11,4/6/19,5,
5b60012041533aca8a11b86cc391e1ae0ca7e0a9de6e2eadba332b6d66825bf6,439,1554570617,1,47.5711975,-122.3586966,262,47.57034298,-122.3622729,382,-1,-1,1.90406E+11,4/6/19,6,
5b60012041533aca8a11b86cc391e1ae0ca7e0a9de6e2eadba332b6d66825bf6,440,1554655957,1,47.813385,-122.230845,124,47.81628413333334,-122.2365195,532,-1,-1,1.90407E+11,4/7/19,7,
5b60012041533aca8a11b86cc391e1ae0ca7e0a9de6e2eadba332b6d66825bf6,441,1554655986,1,47.8165588,-122.237594,110,47.81628413333334,-122.2365195,532,-1,-1,1.90407E+11,4/7/19,7,
5b60012041533aca8a11b86cc391e1ae0ca7e0a9de6e2eadba332b6d66825bf6,442,1554656000,1,47.8189086,-122.2411194,116,47.81628413333334,-122.2365195,532,-1,-1,1.90407E+11,4/7/19,7,
5b60012041533aca8a11b86cc391e1ae0ca7e0a9de6e2eadba332b6d66825bf6,443,1554831462,1,47.5375671,-122.3811187,367,47.5393032,-122.3839082,698,-1,-1,1.90409E+11,4/9/19,8,
5b60012041533aca8a11b86cc391e1ae0ca7e0a9de6e2eadba332b6d66825bf6,444,1554831475,1,47.5357666,-122.3825355,224,47.5393032,-122.3839082,698,-1,-1,1.90409E+11,4/9/19,8,
5b60012041533aca8a11b86cc391e1ae0ca7e0a9de6e2eadba332b6d66825bf6,445,1555131025,1,47.5667419,-122.3738351,165,47.56472775,-122.3762758,289,-1,-1,1.90412E+11,4/13/19,9,
5b60012041533aca8a11b86cc391e1ae0ca7e0a9de6e2eadba332b6d66825bf6,446,1555443102,1,47.3331298,-122.2372629,127,47.33518978,-122.237154,418,-1,-1,1.90416E+11,4/16/19,10,
5b60012041533aca8a11b86cc391e1ae0ca7e0a9de6e2eadba332b6d66825bf6,447,1555443103,1,47.3331298,-122.2372629,127,47.33518978,-122.237154,418,-1,-1,1.90416E+11,4/16/19,10,
5b60012041533aca8a11b86cc391e1ae0ca7e0a9de6e2eadba332b6d66825bf6,448,1555443126,1,47.3356018,-122.2378594,165,47.33518978,-122.237154,418,-1,-1,1.90416E+11,4/16/19,10,
5b60012041533aca8a11b86cc391e1ae0ca7e0a9de6e2eadba332b6d66825bf6,449,1555443150,1,47.3388977,-122.2362306,165,47.33518978,-122.237154,418,-1,-1,1.90416E+11,4/16/19,10,
5b60012041533aca8a11b86cc391e1ae0ca7e0a9de6e2eadba332b6d66825bf6,450,1555449117,1,47.5172119,-122.3141592,165,47.5172119,-122.3141592,165,-1,-1,1.90416E+11,4/16/19,11,
5b60012041533aca8a11b86cc391e1ae0ca7e0a9de6e2eadba332b6d66825bf6,451,1555449963,1,47.4137268,-122.2209633,165,47.412211066666664,-122.2210533,168,-1,-1,1.90416E+11,4/16/19,12,
5b60012041533aca8a11b86cc391e1ae0ca7e0a9de6e2eadba332b6d66825bf6,452,1555449970,1,47.4117126,-122.2210822,165,47.412211066666664,-122.2210533,168,-1,-1,1.90416E+11,4/16/19,12,
5b60012041533aca8a11b86cc391e1ae0ca7e0a9de6e2eadba332b6d66825bf6,453,1555449973,1,47.4111938,-122.2211143,165,47.412211066666664,-122.2210533,168,-1,-1,1.90416E+11,4/16/19,12,
5b60012041533aca8a11b86cc391e1ae0ca7e0a9de6e2eadba332b6d66825bf6,454,1555605394,1,47.5714416,-122.3615321,165,47.57034298,-122.3622729,382,-1,-1,1.90418E+11,4/18/19,13,
5b60012041533aca8a11b86cc391e1ae0ca7e0a9de6e2eadba332b6d66825bf6,455,1555606433,1,47.5783386,-122.2114656,165,47.5783386,-122.2114656,165,-1,-1,1.90418E+11,4/18/19,14,
5b60012041533aca8a11b86cc391e1ae0ca7e0a9de6e2eadba332b6d66825bf6,456,1555606635,1,47.5797424,-122.175642,133,47.5823608,-122.1763527,322,-1,-1,1.90418E+11,4/18/19,15,
5b60012041533aca8a11b86cc391e1ae0ca7e0a9de6e2eadba332b6d66825bf6,457,1555606636,1,47.5797424,-122.175642,133,47.5823608,-122.1763527,322,-1,-1,1.90418E+11,4/18/19,15,
5b60012041533aca8a11b86cc391e1ae0ca7e0a9de6e2eadba332b6d66825bf6,458,1555606675,1,47.5820922,-122.1750833,165,47.5823608,-122.1763527,322,-1,-1,1.90418E+11,4/18/19,15,
5b60012041533aca8a11b86cc391e1ae0ca7e0a9de6e2eadba332b6d66825bf6,459,1555606707,1,47.5851135,-122.1776982,119,47.5823608,-122.1763527,322,-1,-1,1.90418E+11,4/18/19,15,
5b60012041533aca8a11b86cc391e1ae0ca7e0a9de6e2eadba332b6d66825bf6,460,1555606708,1,47.5851135,-122.1776982,119,47.5823608,-122.1763527,322,-1,-1,1.90418E+11,4/18/19,15,
5b60012041533aca8a11b86cc391e1ae0ca7e0a9de6e2eadba332b6d66825bf6,461,1555608497,1,47.7584228,-122.1599007,165,47.75846348333334,-122.1625995,359,-1,-1,1.90418E+11,4/18/19,16,
5b60012041533aca8a11b86cc391e1ae0ca7e0a9de6e2eadba332b6d66825bf6,462,1555608654,1,47.7592773,-122.1627171,165,47.75846348333334,-122.1625995,359,-1,-1,1.90418E+11,4/18/19,16,
5b60012041533aca8a11b86cc391e1ae0ca7e0a9de6e2eadba332b6d66825bf6,463,1555608932,1,47.7589721,-122.1624093,165,47.75846348333334,-122.1625995,359,-1,-1,1.90418E+11,4/18/19,16,
5b60012041533aca8a11b86cc391e1ae0ca7e0a9de6e2eadba332b6d66825bf6,464,1555609199,1,47.7592163,-122.1625981,165,47.75846348333334,-122.1625995,359,-1,-1,1.90418E+11,4/18/19,16,
5b60012041533aca8a11b86cc391e1ae0ca7e0a9de6e2eadba332b6d66825bf6,465,1555609803,1,47.7590026,-122.1624679,165,47.75846348333334,-122.1625995,359,-1,-1,1.90418E+11,4/18/19,16,
5b60012041533aca8a11b86cc391e1ae0ca7e0a9de6e2eadba332b6d66825bf6,466,1555611892,1,47.7558898,-122.165504,165,47.75846348333334,-122.1625995,359,-1,-1,1.90418E+11,4/18/19,16,
5b60012041533aca8a11b86cc391e1ae0ca7e0a9de6e2eadba332b6d66825bf6,467,1555893180,1,47.5548095,-122.3994183,165,47.5548095,-122.3994183,165,-1,-1,1.90421E+11,4/22/19,17,
5b60012041533aca8a11b86cc391e1ae0ca7e0a9de6e2eadba332b6d66825bf6,468,1556522638,1,47.5413818,-122.3806548,165,47.5393032,-122.3839082,698,-1,-1,1.90429E+11,4/29/19,18,
5b60012041533aca8a11b86cc391e1ae0ca7e0a9de6e2eadba332b6d66825bf6,469,1572928357,1,47.5448608,-122.3875141,165,47.5393032,-122.3839082,698,-1,-1,1.91104E+11,11/5/19,18,
5b60012041533aca8a11b86cc391e1ae0ca7e0a9de6e2eadba332b6d66825bf6,470,1572928752,1,47.5451049,-122.3874608,165,47.5393032,-122.3839082,698,-1,-1,1.91104E+11,11/5/19,18,
5b60012041533aca8a11b86cc391e1ae0ca7e0a9de6e2eadba332b6d66825bf6,471,1572928936,1,47.5372314,-122.3839661,165,47.5393032,-122.3839082,698,-1,-1,1.91104E+11,11/5/19,18,
5b60012041533aca8a11b86cc391e1ae0ca7e0a9de6e2eadba332b6d66825bf6,472,1573784295,1,47.5674743,-122.3650978,165,47.57034298,-122.3622729,382,-1,-1,1.91114E+11,11/15/19,19,
6db93f996408d398cebdb6ef77e68f88aaafc714d4ff05d914fcc4397eb8e94c,147,1573974445,0,47.1481899,-122.3123727,1300,47.14805324689265,-122.3134399,1300,-1,-1,1.91116E+11,11/17/19,1,
6db93f996408d398cebdb6ef77e68f88aaafc714d4ff05d914fcc4397eb8e94c,148,1573981884,0,47.1481899,-122.3123727,1300,47.14805324689265,-122.3134399,1300,-1,-1,1.91117E+11,11/17/19,1,
6db93f996408d398cebdb6ef77e68f88aaafc714d4ff05d914fcc4397eb8e94c,149,1574148302,0,47.1479118,-122.3096997,1243,47.14805324689265,-122.3134399,1243,-1,-1,1.91118E+11,11/19/19,1,
6db93f996408d398cebdb6ef77e68f88aaafc714d4ff05d914fcc4397eb8e94c,150,1574155454,0,47.1481899,-122.3123727,1300,47.14805324689265,-122.3134399,1300,-1,-1,1.91119E+11,11/19/19,1,
6db93f996408d398cebdb6ef77e68f88aaafc714d4ff05d914fcc4397eb8e94c,151,1574179376,0,47.1521548,-122.3127119,900,47.14805324689265,-122.3134399,900,-1,-1,1.91119E+11,11/19/19,1,
6db93f996408d398cebdb6ef77e68f88aaafc714d4ff05d914fcc4397eb8e94c,152,1574179566,0,47.1467221,-122.315243,110,47.14805324689265,-122.3134399,639,-1,-1,1.91119E+11,11/19/19,1,
6db93f996408d398cebdb6ef77e68f88aaafc714d4ff05d914fcc4397eb8e94c,153,1574182000,0,47.1521548,-122.3127119,900,47.14805324689265,-122.3134399,900,-1,-1,1.91119E+11,11/19/19,1,
6db93f996408d398cebdb6ef77e68f88aaafc714d4ff05d914fcc4397eb8e94c,154,1574205189,0,47.1467207,-122.3156303,142,47.14805324689265,-122.3134399,639,-1,-1,1.91119E+11,11/19/19,1,
6db93f996408d398cebdb6ef77e68f88aaafc714d4ff05d914fcc4397eb8e94c,155,1574213350,0,47.1481899,-122.3123727,1300,47.14805324689265,-122.3134399,1300,-1,-1,1.91119E+11,11/20/19,1,
6db93f996408d398cebdb6ef77e68f88aaafc714d4ff05d914fcc4397eb8e94c,156,1574216182,0,47.1471512,-122.3162658,128,47.14805324689265,-122.3134399,639,-1,-1,1.91119E+11,11/20/19,1,
6db93f996408d398cebdb6ef77e68f88aaafc714d4ff05d914fcc4397eb8e94c,157,1574222860,0,47.1472714,-122.316368,116,47.14805324689265,-122.3134399,639,-1,-1,1.91119E+11,11/20/19,1,
6db93f996408d398cebdb6ef77e68f88aaafc714d4ff05d914fcc4397eb8e94c,158,1574227038,0,47.1467221,-122.315243,104,47.14805324689265,-122.3134399,639,-1,-1,1.91119E+11,11/20/19,1,
6db93f996408d398cebdb6ef77e68f88aaafc714d4ff05d914fcc4397eb8e94c,159,1574233773,0,47.1598333,-122.3040027,116,47.161914966666664,-122.3009574,326,-1,-1,1.91119E+11,11/20/19,2,
6db93f996408d398cebdb6ef77e68f88aaafc714d4ff05d914fcc4397eb8e94c,160,1574235219,0,47.1481899,-122.3123727,1200,47.14805324689265,-122.3134399,1200,-1,-1,1.91119E+11,11/20/19,3,
6db93f996408d398cebdb6ef77e68f88aaafc714d4ff05d914fcc4397eb8e94c,161,1574236991,0,47.1472392,-122.3151798,128,47.14805324689265,-122.3134399,639,-1,-1,1.9112E+11,11/20/19,3,
6db93f996408d398cebdb6ef77e68f88aaafc714d4ff05d914fcc4397eb8e94c,162,1574237281,0,47.1481899,-122.3123727,1200,47.14805324689265,-122.3134399,1200,-1,-1,1.9112E+11,11/20/19,3,
6db93f996408d398cebdb6ef77e68f88aaafc714d4ff05d914fcc4397eb8e94c,163,1574239093,0,47.1481899,-122.3123727,1200,47.14805324689265,-122.3134399,1200,-1,-1,1.9112E+11,11/20/19,3,
6db93f996408d398cebdb6ef77e68f88aaafc714d4ff05d914fcc4397eb8e94c,164,1574240833,0,47.1467207,-122.3156303,142,47.14805324689265,-122.3134399,639,-1,-1,1.9112E+11,11/20/19,3,
6db93f996408d398cebdb6ef77e68f88aaafc714d4ff05d914fcc4397eb8e94c,165,1574241176,0,47.1471823,-122.3154398,142,47.14805324689265,-122.3134399,639,-1,-1,1.9112E+11,11/20/19,3,
6db93f996408d398cebdb6ef77e68f88aaafc714d4ff05d914fcc4397eb8e94c,166,1574242677,0,47.1474503,-122.3151616,110,47.14805324689265,-122.3134399,639,-1,-1,1.9112E+11,11/20/19,3,
6db93f996408d398cebdb6ef77e68f88aaafc714d4ff05d914fcc4397eb8e94c,167,1574244779,0,47.1467221,-122.315243,110,47.14805324689265,-122.3134399,639,-1,-1,1.9112E+11,11/20/19,3,
6db93f996408d398cebdb6ef77e68f88aaafc714d4ff05d914fcc4397eb8e94c,168,1574245685,0,47.1481899,-122.3123727,1200,47.14805324689265,-122.3134399,1200,-1,-1,1.9112E+11,11/20/19,3,
6db93f996408d398cebdb6ef77e68f88aaafc714d4ff05d914fcc4397eb8e94c,169,1574246342,0,47.1520227,-122.3131308,900,47.14805324689265,-122.3134399,900,-1,-1,1.9112E+11,11/20/19,3,
6db93f996408d398cebdb6ef77e68f88aaafc714d4ff05d914fcc4397eb8e94c,170,1574246642,0,47.1481899,-122.3123727,1200,47.14805324689265,-122.3134399,1200,-1,-1,1.9112E+11,11/20/19,3,
6db93f996408d398cebdb6ef77e68f88aaafc714d4ff05d914fcc4397eb8e94c,171,1574251926,0,47.1467221,-122.315243,110,47.14805324689265,-122.3134399,639,-1,-1,1.9112E+11,11/20/19,3,
6db93f996408d398cebdb6ef77e68f88aaafc714d4ff05d914fcc4397eb8e94c,172,1574252527,0,47.1467221,-122.315243,110,47.14805324689265,-122.3134399,639,-1,-1,1.9112E+11,11/20/19,3,
6db93f996408d398cebdb6ef77e68f88aaafc714d4ff05d914fcc4397eb8e94c,173,1574252819,0,47.1481899,-122.3123727,1200,47.14805324689265,-122.3134399,1200,-1,-1,1.9112E+11,11/20/19,3,
6db93f996408d398cebdb6ef77e68f88aaafc714d4ff05d914fcc4397eb8e94c,174,1574261975,0,47.1471512,-122.3162658,128,47.14805324689265,-122.3134399,639,-1,-1,1.9112E+11,11/20/19,3,
6db93f996408d398cebdb6ef77e68f88aaafc714d4ff05d914fcc4397eb8e94c,175,1574263445,0,47.1481899,-122.3123727,1200,47.14805324689265,-122.3134399,1200,-1,-1,1.9112E+11,11/20/19,3,
6db93f996408d398cebdb6ef77e68f88aaafc714d4ff05d914fcc4397eb8e94c,176,1574265108,0,47.1727417,-122.2959731,104,47.17234283333334,-122.2960819,104,-1,-1,1.9112E+11,11/20/19,4,
6db93f996408d398cebdb6ef77e68f88aaafc714d4ff05d914fcc4397eb8e94c,177,1574265230,0,47.1719561,-122.2961921,1200,47.17234283333334,-122.2960819,1200,-1,-1,1.9112E+11,11/20/19,4,
6db93f996408d398cebdb6ef77e68f88aaafc714d4ff05d914fcc4397eb8e94c,178,1574265554,0,47.1998107,-122.2810564,1300,47.19808436666667,-122.2825841,1300,-1,-1,1.9112E+11,11/20/19,5,
6db93f996408d398cebdb6ef77e68f88aaafc714d4ff05d914fcc4397eb8e94c,179,1574265805,0,47.2055661,-122.2519816,1200,47.2055661,-122.2519816,1200,-1,-1,1.9112E+11,11/20/19,6,
6db93f996408d398cebdb6ef77e68f88aaafc714d4ff05d914fcc4397eb8e94c,180,1574266147,0,47.2274883,-122.2492295,1200,47.2277418,-122.2489636,1200,-1,-1,1.9112E+11,11/20/19,7,
6db93f996408d398cebdb6ef77e68f88aaafc714d4ff05d914fcc4397eb8e94c,181,1574266410,0,47.2765587,-122.2598936,104,47.27283,-122.2591823,418,-1,-1,1.9112E+11,11/20/19,8,
6db93f996408d398cebdb6ef77e68f88aaafc714d4ff05d914fcc4397eb8e94c,182,1574267009,0,47.346669,-122.1391905,1400,47.346669,-122.1391905,1400,-1,-1,1.9112E+11,11/20/19,9,
6db93f996408d398cebdb6ef77e68f88aaafc714d4ff05d914fcc4397eb8e94c,183,1574267462,0,47.3890055,-122.1041384,110,47.39021221666667,-122.1031041,555,-1,-1,1.9112E+11,11/20/19,10,
6db93f996408d398cebdb6ef77e68f88aaafc714d4ff05d914fcc4397eb8e94c,184,1574320432,0,47.1700998,-122.3285758,135,47.1700998,-122.3285758,135,-1,-1,1.9112E+11,11/21/19,11,
6db93f996408d398cebdb6ef77e68f88aaafc714d4ff05d914fcc4397eb8e94c,185,1574322509,0,47.1471823,-122.3154398,110,47.14805324689265,-122.3134399,639,-1,-1,1.9112E+11,11/21/19,12,
6db93f996408d398cebdb6ef77e68f88aaafc714d4ff05d914fcc4397eb8e94c,186,1574328850,0,47.1462134,-122.3154907,142,47.14805324689265,-122.3134399,639,-1,-1,1.91121E+11,11/21/19,12,
6db93f996408d398cebdb6ef77e68f88aaafc714d4ff05d914fcc4397eb8e94c,187,1574329170,0,47.1481899,-122.3123727,1300,47.14805324689265,-122.3134399,1300,-1,-1,1.91121E+11,11/21/19,12,
6db93f996408d398cebdb6ef77e68f88aaafc714d4ff05d914fcc4397eb8e94c,188,1574329472,0,47.1474503,-122.3151616,116,47.14805324689265,-122.3134399,639,-1,-1,1.91121E+11,11/21/19,12,
6db93f996408d398cebdb6ef77e68f88aaafc714d4ff05d914fcc4397eb8e94c,189,1574372032,0,47.1521548,-122.3127119,900,47.14805324689265,-122.3134399,900,-1,-1,1.91121E+11,11/21/19,12,
6db93f996408d398cebdb6ef77e68f88aaafc714d4ff05d914fcc4397eb8e94c,190,1574372332,0,47.1481899,-122.3123727,1300,47.14805324689265,-122.3134399,1300,-1,-1,1.91121E+11,11/21/19,12,
6db93f996408d398cebdb6ef77e68f88aaafc714d4ff05d914fcc4397eb8e94c,191,1574381333,0,47.1437201,-122.3512674,1100,47.14088788181818,-122.3564489,1100,-1,-1,1.91121E+11,11/22/19,13,
6db93f996408d398cebdb6ef77e68f88aaafc714d4ff05d914fcc4397eb8e94c,192,1574381635,0,47.1431243,-122.3563769,1500,47.14088788181818,-122.3564489,1500,-1,-1,1.91121E+11,11/22/19,13,
6db93f996408d398cebdb6ef77e68f88aaafc714d4ff05d914fcc4397eb8e94c,193,1574382540,0,47.1394901,-122.3582122,1700,47.14088788181818,-122.3564489,1700,-1,-1,1.91121E+11,11/22/19,13,
6db93f996408d398cebdb6ef77e68f88aaafc714d4ff05d914fcc4397eb8e94c,194,1574382690,0,47.1431243,-122.3563769,1500,47.14088788181818,-122.3564489,1500,-1,-1,1.91121E+11,11/22/19,13,
6db93f996408d398cebdb6ef77e68f88aaafc714d4ff05d914fcc4397eb8e94c,195,1574387518,0,47.1399968,-122.3576827,1600,47.14088788181818,-122.3564489,1600,-1,-1,1.91121E+11,11/22/19,13,
6db93f996408d398cebdb6ef77e68f88aaafc714d4ff05d914fcc4397eb8e94c,196,1574387951,0,47.1431243,-122.3563769,1500,47.14088788181818,-122.3564489,1500,-1,-1,1.91121E+11,11/22/19,13,
6db93f996408d398cebdb6ef77e68f88aaafc714d4ff05d914fcc4397eb8e94c,197,1574389180,0,47.1431243,-122.3563769,1500,47.14088788181818,-122.3564489,1500,-1,-1,1.91121E+11,11/22/19,13,
6db93f996408d398cebdb6ef77e68f88aaafc714d4ff05d914fcc4397eb8e94c,198,1574396211,0,47.1481899,-122.3123727,1300,47.14805324689265,-122.3134399,1300,-1,-1,1.91121E+11,11/22/19,14,
6db93f996408d398cebdb6ef77e68f88aaafc714d4ff05d914fcc4397eb8e94c,199,1574401883,0,47.146874,-122.3168419,122,47.14805324689265,-122.3134399,639,-1,-1,1.91121E+11,11/22/19,14,
6db93f996408d398cebdb6ef77e68f88aaafc714d4ff05d914fcc4397eb8e94c,200,1574405972,0,47.1481899,-122.3123727,1300,47.14805324689265,-122.3134399,1300,-1,-1,1.91121E+11,11/22/19,14,
6db93f996408d398cebdb6ef77e68f88aaafc714d4ff05d914fcc4397eb8e94c,201,1574445088,0,47.301602,-122.2232361,1300,47.301602,-122.2232361,1300,-1,-1,1.91122E+11,11/22/19,15,
6db93f996408d398cebdb6ef77e68f88aaafc714d4ff05d914fcc4397eb8e94c,202,1574451510,0,47.3891575,-122.1034603,300,47.39021221666667,-122.1031041,555,-1,-1,1.91122E+11,11/22/19,16,
6db93f996408d398cebdb6ef77e68f88aaafc714d4ff05d914fcc4397eb8e94c,203,1574451811,0,47.3947051,-122.0998721,1200,47.39021221666667,-122.1031041,1200,-1,-1,1.91122E+11,11/22/19,16,
6db93f996408d398cebdb6ef77e68f88aaafc714d4ff05d914fcc4397eb8e94c,204,1574459270,0,47.3883477,-122.1071396,1300,47.39021221666667,-122.1031041,1300,-1,-1,1.91122E+11,11/22/19,16,
6db93f996408d398cebdb6ef77e68f88aaafc714d4ff05d914fcc4397eb8e94c,205,1574475819,0,47.3824649,-122.1379159,1400,47.3824649,-122.1379159,1400,-1,-1,1.91122E+11,11/23/19,17,
6db93f996408d398cebdb6ef77e68f88aaafc714d4ff05d914fcc4397eb8e94c,206,1574476598,0,47.3864099,-122.1501804,128,47.3864099,-122.1501804,128,-1,-1,1.91122E+11,11/23/19,18,
6db93f996408d398cebdb6ef77e68f88aaafc714d4ff05d914fcc4397eb8e94c,207,1574476759,0,47.3824649,-122.1379159,1400,47.3824649,-122.1379159,1400,-1,-1,1.91122E+11,11/23/19,19,
6db93f996408d398cebdb6ef77e68f88aaafc714d4ff05d914fcc4397eb8e94c,208,1574489621,0,47.1467221,-122.315243,110,47.14805324689265,-122.3134399,639,-1,-1,1.91122E+11,11/23/19,20,
6db93f996408d398cebdb6ef77e68f88aaafc714d4ff05d914fcc4397eb8e94c,209,1574489787,0,47.1521548,-122.3127119,900,47.14805324689265,-122.3134399,900,-1,-1,1.91122E+11,11/23/19,20,
6db93f996408d398cebdb6ef77e68f88aaafc714d4ff05d914fcc4397eb8e94c,210,1574490475,0,47.1488068,-122.3125688,1300,47.14805324689265,-122.3134399,1300,-1,-1,1.91122E+11,11/23/19,20,
6db93f996408d398cebdb6ef77e68f88aaafc714d4ff05d914fcc4397eb8e94c,211,1574494289,0,47.1488068,-122.3125688,1300,47.14805324689265,-122.3134399,1300,-1,-1,1.91122E+11,11/23/19,20,
6db93f996408d398cebdb6ef77e68f88aaafc714d4ff05d914fcc4397eb8e94c,212,1574543118,0,47.150733,-122.4353464,1200,47.15060147777777,-122.4357446,1200,-1,-1,1.91123E+11,11/23/19,21,
6db93f996408d398cebdb6ef77e68f88aaafc714d4ff05d914fcc4397eb8e94c,213,1574544964,0,47.1520754,-122.4364696,800,47.15060147777777,-122.4357446,850,-1,-1,1.91123E+11,11/23/19,21,
6db93f996408d398cebdb6ef77e68f88aaafc714d4ff05d914fcc4397eb8e94c,214,1574545717,0,47.150733,-122.4353464,1200,47.15060147777777,-122.4357446,1200,-1,-1,1.91123E+11,11/23/19,21,
6db93f996408d398cebdb6ef77e68f88aaafc714d4ff05d914fcc4397eb8e94c,215,1574548679,0,47.1494718,-122.4365658,128,47.15060147777777,-122.4357446,850,-1,-1,1.91123E+11,11/23/19,21,
6db93f996408d398cebdb6ef77e68f88aaafc714d4ff05d914fcc4397eb8e94c,216,1574548993,0,47.1491139,-122.435577,116,47.15060147777777,-122.4357446,850,-1,-1,1.91123E+11,11/23/19,21,
6db93f996408d398cebdb6ef77e68f88aaafc714d4ff05d914fcc4397eb8e94c,217,1574563945,0,47.150733,-122.4353464,1200,47.15060147777777,-122.4357446,1200,-1,-1,1.91123E+11,11/24/19,21,
6db93f996408d398cebdb6ef77e68f88aaafc714d4ff05d914fcc4397eb8e94c,218,1574564066,0,47.1520754,-122.4364696,800,47.15060147777777,-122.4357446,850,-1,-1,1.91123E+11,11/24/19,21,
6db93f996408d398cebdb6ef77e68f88aaafc714d4ff05d914fcc4397eb8e94c,219,1574564390,0,47.1494777,-122.4366515,104,47.15060147777777,-122.4357446,850,-1,-1,1.91123E+11,11/24/19,21,
6db93f996408d398cebdb6ef77e68f88aaafc714d4ff05d914fcc4397eb8e94c,220,1574565916,0,47.1548966,-122.4136219,1300,47.1548966,-122.4136219,1300,-1,-1,1.91123E+11,11/24/19,22,
6db93f996408d398cebdb6ef77e68f88aaafc714d4ff05d914fcc4397eb8e94c,221,1574566076,0,47.1399826,-122.3812894,110,47.1399826,-122.3812894,110,-1,-1,1.91123E+11,11/24/19,23,
6db93f996408d398cebdb6ef77e68f88aaafc714d4ff05d914fcc4397eb8e94c,222,1574566680,0,47.1488068,-122.3125688,1300,47.14805324689265,-122.3134399,1300,-1,-1,1.91123E+11,11/24/19,24,
6db93f996408d398cebdb6ef77e68f88aaafc714d4ff05d914fcc4397eb8e94c,223,1574573361,0,47.1488068,-122.3125688,1300,47.14805324689265,-122.3134399,1300,-1,-1,1.91123E+11,11/24/19,24,
6db93f996408d398cebdb6ef77e68f88aaafc714d4ff05d914fcc4397eb8e94c,224,1574576460,0,47.1521548,-122.3127119,900,47.14805324689265,-122.3134399,900,-1,-1,1.91123E+11,11/24/19,24,
6db93f996408d398cebdb6ef77e68f88aaafc714d4ff05d914fcc4397eb8e94c,225,1574576701,0,47.1488068,-122.3125688,1300,47.14805324689265,-122.3134399,1300,-1,-1,1.91123E+11,11/24/19,24,
6db93f996408d398cebdb6ef77e68f88aaafc714d4ff05d914fcc4397eb8e94c,226,1574581777,0,47.1488068,-122.3125688,1300,47.14805324689265,-122.3134399,1300,-1,-1,1.91123E+11,11/24/19,24,
6db93f996408d398cebdb6ef77e68f88aaafc714d4ff05d914fcc4397eb8e94c,227,1574582011,0,47.1521548,-122.3127119,900,47.14805324689265,-122.3134399,900,-1,-1,1.91123E+11,11/24/19,24,
6db93f996408d398cebdb6ef77e68f88aaafc714d4ff05d914fcc4397eb8e94c,228,1574582400,0,47.1474503,-122.3151616,110,47.14805324689265,-122.3134399,639,-1,-1,1.91124E+11,11/24/19,24,
6db93f996408d398cebdb6ef77e68f88aaafc714d4ff05d914fcc4397eb8e94c,229,1574583586,0,47.1488068,-122.3125688,1300,47.14805324689265,-122.3134399,1300,-1,-1,1.91124E+11,11/24/19,24,
6db93f996408d398cebdb6ef77e68f88aaafc714d4ff05d914fcc4397eb8e94c,230,1574584804,0,47.1521548,-122.3127119,900,47.14805324689265,-122.3134399,900,-1,-1,1.91124E+11,11/24/19,24,
6db93f996408d398cebdb6ef77e68f88aaafc714d4ff05d914fcc4397eb8e94c,231,1574585794,0,47.1488068,-122.3125688,1300,47.14805324689265,-122.3134399,1300,-1,-1,1.91124E+11,11/24/19,24,
6db93f996408d398cebdb6ef77e68f88aaafc714d4ff05d914fcc4397eb8e94c,232,1574587599,0,47.1488068,-122.3125688,1300,47.14805324689265,-122.3134399,1300,-1,-1,1.91124E+11,11/24/19,24,
6db93f996408d398cebdb6ef77e68f88aaafc714d4ff05d914fcc4397eb8e94c,233,1574588189,0,47.1521548,-122.3127119,900,47.14805324689265,-122.3134399,900,-1,-1,1.91124E+11,11/24/19,24,
6db93f996408d398cebdb6ef77e68f88aaafc714d4ff05d914fcc4397eb8e94c,234,1574588462,0,47.1488068,-122.3125688,1300,47.14805324689265,-122.3134399,1300,-1,-1,1.91124E+11,11/24/19,24,
6db93f996408d398cebdb6ef77e68f88aaafc714d4ff05d914fcc4397eb8e94c,235,1574588598,0,47.1521548,-122.3127119,900,47.14805324689265,-122.3134399,900,-1,-1,1.91124E+11,11/24/19,24,
6db93f996408d398cebdb6ef77e68f88aaafc714d4ff05d914fcc4397eb8e94c,236,1574588919,0,47.1488068,-122.3125688,1300,47.14805324689265,-122.3134399,1300,-1,-1,1.91124E+11,11/24/19,24,
6db93f996408d398cebdb6ef77e68f88aaafc714d4ff05d914fcc4397eb8e94c,237,1574590836,0,47.1521548,-122.3127119,900,47.14805324689265,-122.3134399,900,-1,-1,1.91124E+11,11/24/19,24,
6db93f996408d398cebdb6ef77e68f88aaafc714d4ff05d914fcc4397eb8e94c,238,1574591436,0,47.1460521,-122.3073163,900,47.14805324689265,-122.3134399,900,-1,-1,1.91124E+11,11/24/19,24,
6db93f996408d398cebdb6ef77e68f88aaafc714d4ff05d914fcc4397eb8e94c,239,1574592338,0,47.1488068,-122.3125688,1300,47.14805324689265,-122.3134399,1300,-1,-1,1.91124E+11,11/24/19,24,
6db93f996408d398cebdb6ef77e68f88aaafc714d4ff05d914fcc4397eb8e94c,240,1574593497,0,47.1471413,-122.315804,977,47.14805324689265,-122.3134399,977,-1,-1,1.91124E+11,11/24/19,24,
6db93f996408d398cebdb6ef77e68f88aaafc714d4ff05d914fcc4397eb8e94c,241,1574593776,0,47.1521548,-122.3127119,900,47.14805324689265,-122.3134399,900,-1,-1,1.91124E+11,11/24/19,24,
6db93f996408d398cebdb6ef77e68f88aaafc714d4ff05d914fcc4397eb8e94c,242,1574594431,0,47.1488068,-122.3125688,1300,47.14805324689265,-122.3134399,1300,-1,-1,1.91124E+11,11/24/19,24,
6db93f996408d398cebdb6ef77e68f88aaafc714d4ff05d914fcc4397eb8e94c,243,1574595631,0,47.1521548,-122.3127119,900,47.14805324689265,-122.3134399,900,-1,-1,1.91124E+11,11/24/19,24,
6db93f996408d398cebdb6ef77e68f88aaafc714d4ff05d914fcc4397eb8e94c,244,1574596289,0,47.1488068,-122.3125688,1300,47.14805324689265,-122.3134399,1300,-1,-1,1.91124E+11,11/24/19,24,
6db93f996408d398cebdb6ef77e68f88aaafc714d4ff05d914fcc4397eb8e94c,245,1574598066,0,47.1521548,-122.3127119,900,47.14805324689265,-122.3134399,900,-1,-1,1.91124E+11,11/24/19,24,
6db93f996408d398cebdb6ef77e68f88aaafc714d4ff05d914fcc4397eb8e94c,246,1574598741,0,47.1460334,-122.321362,600,47.14805324689265,-122.3134399,639,-1,-1,1.91124E+11,11/24/19,24,
6db93f996408d398cebdb6ef77e68f88aaafc714d4ff05d914fcc4397eb8e94c,247,1574599342,0,47.1488068,-122.3125688,1300,47.14805324689265,-122.3134399,1300,-1,-1,1.91124E+11,11/24/19,24,
6db93f996408d398cebdb6ef77e68f88aaafc714d4ff05d914fcc4397eb8e94c,248,1574616738,0,47.1488068,-122.3125688,1300,47.14805324689265,-122.3134399,1300,-1,-1,1.91124E+11,11/24/19,24,
6db93f996408d398cebdb6ef77e68f88aaafc714d4ff05d914fcc4397eb8e94c,249,1574617316,0,47.1474503,-122.3151616,135,47.14805324689265,-122.3134399,639,-1,-1,1.91124E+11,11/24/19,24,
6db93f996408d398cebdb6ef77e68f88aaafc714d4ff05d914fcc4397eb8e94c,250,1574617903,0,47.1474503,-122.3151616,116,47.14805324689265,-122.3134399,639,-1,-1,1.91124E+11,11/24/19,24,
6db93f996408d398cebdb6ef77e68f88aaafc714d4ff05d914fcc4397eb8e94c,251,1574619736,0,47.1474503,-122.3151616,104,47.14805324689265,-122.3134399,639,-1,-1,1.91124E+11,11/24/19,24,
6db93f996408d398cebdb6ef77e68f88aaafc714d4ff05d914fcc4397eb8e94c,252,1574621522,0,47.1467221,-122.315243,128,47.14805324689265,-122.3134399,639,-1,-1,1.91124E+11,11/24/19,24,
6db93f996408d398cebdb6ef77e68f88aaafc714d4ff05d914fcc4397eb8e94c,253,1574625732,0,47.1488068,-122.3125688,1300,47.14805324689265,-122.3134399,1300,-1,-1,1.91124E+11,11/24/19,24,
6db93f996408d398cebdb6ef77e68f88aaafc714d4ff05d914fcc4397eb8e94c,254,1574633435,0,47.1488068,-122.3125688,1300,47.14805324689265,-122.3134399,1300,-1,-1,1.91124E+11,11/24/19,24,
6db93f996408d398cebdb6ef77e68f88aaafc714d4ff05d914fcc4397eb8e94c,255,1574633945,0,47.1462134,-122.3154907,128,47.14805324689265,-122.3134399,639,-1,-1,1.91124E+11,11/24/19,24,
6db93f996408d398cebdb6ef77e68f88aaafc714d4ff05d914fcc4397eb8e94c,256,1574634257,0,47.1488068,-122.3125688,1300,47.14805324689265,-122.3134399,1300,-1,-1,1.91124E+11,11/24/19,24,
6db93f996408d398cebdb6ef77e68f88aaafc714d4ff05d914fcc4397eb8e94c,257,1574634807,0,47.1488068,-122.3125688,1300,47.14805324689265,-122.3134399,1300,-1,-1,1.91124E+11,11/24/19,24,
6db93f996408d398cebdb6ef77e68f88aaafc714d4ff05d914fcc4397eb8e94c,258,1574642977,0,47.1467207,-122.3156303,122,47.14805324689265,-122.3134399,639,-1,-1,1.91124E+11,11/25/19,24,
6db93f996408d398cebdb6ef77e68f88aaafc714d4ff05d914fcc4397eb8e94c,259,1574660688,0,47.1462134,-122.3154907,116,47.14805324689265,-122.3134399,639,-1,-1,1.91124E+11,11/25/19,24,
6db93f996408d398cebdb6ef77e68f88aaafc714d4ff05d914fcc4397eb8e94c,260,1574665806,0,47.146874,-122.3168419,116,47.14805324689265,-122.3134399,639,-1,-1,1.91124E+11,11/25/19,24,
6db93f996408d398cebdb6ef77e68f88aaafc714d4ff05d914fcc4397eb8e94c,261,1574666114,0,47.1474503,-122.3151616,116,47.14805324689265,-122.3134399,639,-1,-1,1.91124E+11,11/25/19,24,
6db93f996408d398cebdb6ef77e68f88aaafc714d4ff05d914fcc4397eb8e94c,262,1574666417,0,47.1471823,-122.3154398,104,47.14805324689265,-122.3134399,639,-1,-1,1.91124E+11,11/25/19,24,
6db93f996408d398cebdb6ef77e68f88aaafc714d4ff05d914fcc4397eb8e94c,263,1574667019,0,47.1467012,-122.3166042,135,47.14805324689265,-122.3134399,639,-1,-1,1.91124E+11,11/25/19,24,
6db93f996408d398cebdb6ef77e68f88aaafc714d4ff05d914fcc4397eb8e94c,264,1574674269,0,47.146874,-122.3168419,110,47.14805324689265,-122.3134399,639,-1,-1,1.91125E+11,11/25/19,24,
6db93f996408d398cebdb6ef77e68f88aaafc714d4ff05d914fcc4397eb8e94c,265,1574701153,0,47.1632311,-122.29803,700,47.161914966666664,-122.3009574,700,-1,-1,1.91125E+11,11/25/19,25,
6db93f996408d398cebdb6ef77e68f88aaafc714d4ff05d914fcc4397eb8e94c,266,1574701757,0,47.3061305,-122.1771801,9423,47.3061305,-122.1771801,9423,-1,-1,1.91125E+11,11/25/19,26,
6db93f996408d398cebdb6ef77e68f88aaafc714d4ff05d914fcc4397eb8e94c,267,1574702364,0,47.3359833,-122.1758567,7122,47.3359833,-122.1758567,7122,-1,-1,1.91125E+11,11/25/19,27,
6db93f996408d398cebdb6ef77e68f88aaafc714d4ff05d914fcc4397eb8e94c,268,1574702667,0,47.3305604,-122.1558649,1400,47.3303726,-122.1559215,1400,-1,-1,1.91125E+11,11/25/19,28,
6db93f996408d398cebdb6ef77e68f88aaafc714d4ff05d914fcc4397eb8e94c,269,1574708661,0,47.3892256,-122.1037319,135,47.39021221666667,-122.1031041,555,-1,-1,1.91125E+11,11/25/19,29,
6db93f996408d398cebdb6ef77e68f88aaafc714d4ff05d914fcc4397eb8e94c,270,1574719724,0,47.3908319,-122.1002822,1300,47.39021221666667,-122.1031041,1300,-1,-1,1.91125E+11,11/25/19,29,
6db93f996408d398cebdb6ef77e68f88aaafc714d4ff05d914fcc4397eb8e94c,271,1574735872,0,47.3814738,-122.085568,1800,47.3814738,-122.085568,1800,-1,-1,1.91125E+11,11/26/19,30,
6db93f996408d398cebdb6ef77e68f88aaafc714d4ff05d914fcc4397eb8e94c,272,1574736123,0,47.358425,-122.1146694,1100,47.358425,-122.1146694,1100,-1,-1,1.91125E+11,11/26/19,31,
6db93f996408d398cebdb6ef77e68f88aaafc714d4ff05d914fcc4397eb8e94c,273,1574737009,0,47.3301848,-122.1559781,1400,47.3303726,-122.1559215,1400,-1,-1,1.91125E+11,11/26/19,32,
6db93f996408d398cebdb6ef77e68f88aaafc714d4ff05d914fcc4397eb8e94c,274,1574737331,0,47.2997785,-122.2550103,1200,47.2997785,-122.2550103,1200,-1,-1,1.91125E+11,11/26/19,33,
6db93f996408d398cebdb6ef77e68f88aaafc714d4ff05d914fcc4397eb8e94c,275,1574737454,0,47.2691013,-122.258471,1200,47.27283,-122.2591823,1200,-1,-1,1.91125E+11,11/26/19,34,
6db93f996408d398cebdb6ef77e68f88aaafc714d4ff05d914fcc4397eb8e94c,276,1574737699,0,47.2493843,-122.2552329,1200,47.2493843,-122.2552329,1200,-1,-1,1.91125E+11,11/26/19,35,
6db93f996408d398cebdb6ef77e68f88aaafc714d4ff05d914fcc4397eb8e94c,277,1574737822,0,47.2279953,-122.2486976,700,47.2277418,-122.2489636,700,-1,-1,1.91125E+11,11/26/19,36,
6db93f996408d398cebdb6ef77e68f88aaafc714d4ff05d914fcc4397eb8e94c,278,1574738133,0,47.2033071,-122.2667151,1300,47.2028981,-122.2653174,1300,-1,-1,1.91125E+11,11/26/19,37,
6db93f996408d398cebdb6ef77e68f88aaafc714d4ff05d914fcc4397eb8e94c,279,1574738257,0,47.2024891,-122.2639196,1400,47.2028981,-122.2653174,1400,-1,-1,1.91125E+11,11/26/19,37,
6db93f996408d398cebdb6ef77e68f88aaafc714d4ff05d914fcc4397eb8e94c,280,1574738386,0,47.1987291,-122.2790993,1200,47.19808436666667,-122.2825841,1200,-1,-1,1.91125E+11,11/26/19,38,
6db93f996408d398cebdb6ef77e68f88aaafc714d4ff05d914fcc4397eb8e94c,281,1574738534,0,47.1957133,-122.2875966,1500,47.19808436666667,-122.2825841,1500,-1,-1,1.91125E+11,11/26/19,38,
6db93f996408d398cebdb6ef77e68f88aaafc714d4ff05d914fcc4397eb8e94c,282,1574738680,0,47.1723307,-122.2960806,1100,47.17234283333334,-122.2960819,1100,-1,-1,1.91125E+11,11/26/19,39,
6db93f996408d398cebdb6ef77e68f88aaafc714d4ff05d914fcc4397eb8e94c,283,1574738928,0,47.1626805,-122.3008395,104,47.161914966666664,-122.3009574,326,-1,-1,1.91125E+11,11/26/19,40,
6db93f996408d398cebdb6ef77e68f88aaafc714d4ff05d914fcc4397eb8e94c,284,1574739048,0,47.1597762,-122.3100664,1600,47.15885165,-122.3129983,1600,-1,-1,1.91125E+11,11/26/19,41,
6db93f996408d398cebdb6ef77e68f88aaafc714d4ff05d914fcc4397eb8e94c,285,1574740241,0,47.1477488,-122.309468,1200,47.14805324689265,-122.3134399,1200,-1,-1,1.91125E+11,11/26/19,42,
6db93f996408d398cebdb6ef77e68f88aaafc714d4ff05d914fcc4397eb8e94c,286,1574754144,0,47.1477488,-122.309468,1200,47.14805324689265,-122.3134399,1200,-1,-1,1.91125E+11,11/26/19,42,
6db93f996408d398cebdb6ef77e68f88aaafc714d4ff05d914fcc4397eb8e94c,287,1574766996,0,47.1477488,-122.309468,1200,47.14805324689265,-122.3134399,1200,-1,-1,1.91126E+11,11/26/19,42,
6db93f996408d398cebdb6ef77e68f88aaafc714d4ff05d914fcc4397eb8e94c,288,1574782545,0,47.1467207,-122.3152434,116,47.14805324689265,-122.3134399,639,-1,-1,1.91126E+11,11/26/19,42,
6db93f996408d398cebdb6ef77e68f88aaafc714d4ff05d914fcc4397eb8e94c,289,1574783771,0,47.1467207,-122.3152434,110,47.14805324689265,-122.3134399,639,-1,-1,1.91126E+11,11/26/19,42,
6db93f996408d398cebdb6ef77e68f88aaafc714d4ff05d914fcc4397eb8e94c,290,1574788860,0,47.1474503,-122.3151704,122,47.14805324689265,-122.3134399,639,-1,-1,1.91126E+11,11/26/19,42,
6db93f996408d398cebdb6ef77e68f88aaafc714d4ff05d914fcc4397eb8e94c,291,1574789162,0,47.1467207,-122.3152434,122,47.14805324689265,-122.3134399,639,-1,-1,1.91126E+11,11/26/19,42,
6db93f996408d398cebdb6ef77e68f88aaafc714d4ff05d914fcc4397eb8e94c,292,1574790276,0,47.1467207,-122.3152434,104,47.14805324689265,-122.3134399,639,-1,-1,1.91126E+11,11/26/19,42,
6db93f996408d398cebdb6ef77e68f88aaafc714d4ff05d914fcc4397eb8e94c,293,1574794058,0,47.1471491,-122.3162723,110,47.14805324689265,-122.3134399,639,-1,-1,1.91126E+11,11/26/19,42,
6db93f996408d398cebdb6ef77e68f88aaafc714d4ff05d914fcc4397eb8e94c,294,1574794395,0,47.1471763,-122.3154505,104,47.14805324689265,-122.3134399,639,-1,-1,1.91126E+11,11/26/19,42,
6db93f996408d398cebdb6ef77e68f88aaafc714d4ff05d914fcc4397eb8e94c,295,1574796259,0,47.1467207,-122.3152434,122,47.14805324689265,-122.3134399,639,-1,-1,1.91126E+11,11/26/19,42,
6db93f996408d398cebdb6ef77e68f88aaafc714d4ff05d914fcc4397eb8e94c,296,1574798899,0,47.1467207,-122.3152434,110,47.14805324689265,-122.3134399,639,-1,-1,1.91126E+11,11/26/19,42,
6db93f996408d398cebdb6ef77e68f88aaafc714d4ff05d914fcc4397eb8e94c,297,1574802085,0,47.1477488,-122.309468,1200,47.14805324689265,-122.3134399,1200,-1,-1,1.91126E+11,11/26/19,42,
6db93f996408d398cebdb6ef77e68f88aaafc714d4ff05d914fcc4397eb8e94c,298,1574802707,0,47.1477488,-122.309468,1200,47.14805324689265,-122.3134399,1200,-1,-1,1.91126E+11,11/26/19,42,
6db93f996408d398cebdb6ef77e68f88aaafc714d4ff05d914fcc4397eb8e94c,299,1574803256,0,47.1526613,-122.3121819,1000,47.14805324689265,-122.3134399,1000,-1,-1,1.91126E+11,11/26/19,42,
6db93f996408d398cebdb6ef77e68f88aaafc714d4ff05d914fcc4397eb8e94c,300,1574804168,0,47.1477488,-122.309468,1200,47.14805324689265,-122.3134399,1200,-1,-1,1.91126E+11,11/26/19,42,
6db93f996408d398cebdb6ef77e68f88aaafc714d4ff05d914fcc4397eb8e94c,301,1574804773,0,47.1474503,-122.3151704,156,47.14805324689265,-122.3134399,639,-1,-1,1.91126E+11,11/26/19,42,
6db93f996408d398cebdb6ef77e68f88aaafc714d4ff05d914fcc4397eb8e94c,302,1574806236,0,47.1477488,-122.309468,1200,47.14805324689265,-122.3134399,1200,-1,-1,1.91126E+11,11/26/19,42,
6db93f996408d398cebdb6ef77e68f88aaafc714d4ff05d914fcc4397eb8e94c,303,1574806538,0,47.1474503,-122.3151704,135,47.14805324689265,-122.3134399,639,-1,-1,1.91126E+11,11/26/19,42,
6db93f996408d398cebdb6ef77e68f88aaafc714d4ff05d914fcc4397eb8e94c,304,1574806840,0,47.1477488,-122.309468,1200,47.14805324689265,-122.3134399,1200,-1,-1,1.91126E+11,11/26/19,42,
6db93f996408d398cebdb6ef77e68f88aaafc714d4ff05d914fcc4397eb8e94c,305,1574808240,0,47.1477488,-122.309468,1200,47.14805324689265,-122.3134399,1200,-1,-1,1.91126E+11,11/26/19,42,
6db93f996408d398cebdb6ef77e68f88aaafc714d4ff05d914fcc4397eb8e94c,306,1574808844,0,47.1477488,-122.309468,1200,47.14805324689265,-122.3134399,1200,-1,-1,1.91126E+11,11/26/19,42,
6db93f996408d398cebdb6ef77e68f88aaafc714d4ff05d914fcc4397eb8e94c,307,1574810351,0,47.1477488,-122.309468,1200,47.14805324689265,-122.3134399,1200,-1,-1,1.91126E+11,11/26/19,42,
6db93f996408d398cebdb6ef77e68f88aaafc714d4ff05d914fcc4397eb8e94c,308,1574810848,0,47.1462111,-122.3154854,135,47.14805324689265,-122.3134399,639,-1,-1,1.91126E+11,11/26/19,42,
6db93f996408d398cebdb6ef77e68f88aaafc714d4ff05d914fcc4397eb8e94c,309,1574811157,0,47.1466891,-122.3163232,128,47.14805324689265,-122.3134399,639,-1,-1,1.91126E+11,11/26/19,42,
6db93f996408d398cebdb6ef77e68f88aaafc714d4ff05d914fcc4397eb8e94c,310,1574813878,0,47.1462111,-122.3154854,128,47.14805324689265,-122.3134399,639,-1,-1,1.91126E+11,11/27/19,42,
6db93f996408d398cebdb6ef77e68f88aaafc714d4ff05d914fcc4397eb8e94c,311,1574814502,0,47.1467207,-122.3152434,116,47.14805324689265,-122.3134399,639,-1,-1,1.91126E+11,11/27/19,42,
6db93f996408d398cebdb6ef77e68f88aaafc714d4ff05d914fcc4397eb8e94c,312,1574814986,0,47.1477488,-122.309468,1200,47.14805324689265,-122.3134399,1200,-1,-1,1.91126E+11,11/27/19,42,
6db93f996408d398cebdb6ef77e68f88aaafc714d4ff05d914fcc4397eb8e94c,313,1574820872,0,47.1472674,-122.3163677,128,47.14805324689265,-122.3134399,639,-1,-1,1.91126E+11,11/27/19,42,
6db93f996408d398cebdb6ef77e68f88aaafc714d4ff05d914fcc4397eb8e94c,314,1574823124,0,47.1477488,-122.309468,1200,47.14805324689265,-122.3134399,1200,-1,-1,1.91126E+11,11/27/19,42,
6db93f996408d398cebdb6ef77e68f88aaafc714d4ff05d914fcc4397eb8e94c,315,1574827502,0,47.1466891,-122.3163232,122,47.14805324689265,-122.3134399,639,-1,-1,1.91126E+11,11/27/19,42,
6db93f996408d398cebdb6ef77e68f88aaafc714d4ff05d914fcc4397eb8e94c,316,1574830862,0,47.1471491,-122.3162723,116,47.14805324689265,-122.3134399,639,-1,-1,1.91126E+11,11/27/19,42,
6db93f996408d398cebdb6ef77e68f88aaafc714d4ff05d914fcc4397eb8e94c,317,1574831164,0,47.1474503,-122.3151704,116,47.14805324689265,-122.3134399,639,-1,-1,1.91126E+11,11/27/19,42,
6db93f996408d398cebdb6ef77e68f88aaafc714d4ff05d914fcc4397eb8e94c,318,1574831614,0,47.1477488,-122.309468,1200,47.14805324689265,-122.3134399,1200,-1,-1,1.91126E+11,11/27/19,42,
6db93f996408d398cebdb6ef77e68f88aaafc714d4ff05d914fcc4397eb8e94c,319,1574839471,0,47.1477488,-122.309468,1200,47.14805324689265,-122.3134399,1200,-1,-1,1.91126E+11,11/27/19,42,
6db93f996408d398cebdb6ef77e68f88aaafc714d4ff05d914fcc4397eb8e94c,320,1574840675,0,47.1466858,-122.3165983,142,47.14805324689265,-122.3134399,639,-1,-1,1.91126E+11,11/27/19,42,
6db93f996408d398cebdb6ef77e68f88aaafc714d4ff05d914fcc4397eb8e94c,321,1574843078,0,47.1467207,-122.3152434,110,47.14805324689265,-122.3134399,639,-1,-1,1.91127E+11,11/27/19,42,
6db93f996408d398cebdb6ef77e68f88aaafc714d4ff05d914fcc4397eb8e94c,322,1574844293,0,47.1477488,-122.309468,1200,47.14805324689265,-122.3134399,1200,-1,-1,1.91127E+11,11/27/19,42,
6db93f996408d398cebdb6ef77e68f88aaafc714d4ff05d914fcc4397eb8e94c,323,1574845524,0,47.1467207,-122.3152434,104,47.14805324689265,-122.3134399,639,-1,-1,1.91127E+11,11/27/19,42,
6db93f996408d398cebdb6ef77e68f88aaafc714d4ff05d914fcc4397eb8e94c,324,1574846278,0,47.1477488,-122.309468,1200,47.14805324689265,-122.3134399,1200,-1,-1,1.91127E+11,11/27/19,42,
6db93f996408d398cebdb6ef77e68f88aaafc714d4ff05d914fcc4397eb8e94c,325,1574929526,0,47.1477969,-122.3096576,1253,47.14805324689265,-122.3134399,1253,-1,-1,1.91128E+11,11/28/19,42,
6db93f996408d398cebdb6ef77e68f88aaafc714d4ff05d914fcc4397eb8e94c,326,1574929928,0,47.1462111,-122.3154854,135,47.14805324689265,-122.3134399,639,-1,-1,1.91128E+11,11/28/19,42,
6db93f996408d398cebdb6ef77e68f88aaafc714d4ff05d914fcc4397eb8e94c,327,1574942131,0,47.1467207,-122.3152434,122,47.14805324689265,-122.3134399,639,-1,-1,1.91128E+11,11/28/19,42,
6db93f996408d398cebdb6ef77e68f88aaafc714d4ff05d914fcc4397eb8e94c,328,1574944983,0,47.1474503,-122.3151704,110,47.14805324689265,-122.3134399,639,-1,-1,1.91128E+11,11/28/19,42,
6db93f996408d398cebdb6ef77e68f88aaafc714d4ff05d914fcc4397eb8e94c,329,1574952171,0,47.1474503,-122.3151704,104,47.14805324689265,-122.3134399,639,-1,-1,1.91128E+11,11/28/19,42,
6db93f996408d398cebdb6ef77e68f88aaafc714d4ff05d914fcc4397eb8e94c,330,1574979909,0,47.1481899,-122.3123727,1300,47.14805324689265,-122.3134399,1300,-1,-1,1.91128E+11,11/28/19,42,
6db93f996408d398cebdb6ef77e68f88aaafc714d4ff05d914fcc4397eb8e94c,331,1574981382,0,47.1481899,-122.3123727,1300,47.14805324689265,-122.3134399,1300,-1,-1,1.91128E+11,11/28/19,42,
6db93f996408d398cebdb6ef77e68f88aaafc714d4ff05d914fcc4397eb8e94c,332,1574982048,0,47.147214,-122.3160116,659,47.14805324689265,-122.3134399,659,-1,-1,1.91128E+11,11/28/19,42,
6db93f996408d398cebdb6ef77e68f88aaafc714d4ff05d914fcc4397eb8e94c,333,1574982978,0,47.1481899,-122.3123727,1300,47.14805324689265,-122.3134399,1300,-1,-1,1.91128E+11,11/28/19,42,
6db93f996408d398cebdb6ef77e68f88aaafc714d4ff05d914fcc4397eb8e94c,334,1574987594,0,47.1481899,-122.3123727,1300,47.14805324689265,-122.3134399,1300,-1,-1,1.91128E+11,11/29/19,42,
6db93f996408d398cebdb6ef77e68f88aaafc714d4ff05d914fcc4397eb8e94c,335,1574989351,0,47.1481899,-122.3123727,1300,47.14805324689265,-122.3134399,1300,-1,-1,1.91128E+11,11/29/19,42,
6db93f996408d398cebdb6ef77e68f88aaafc714d4ff05d914fcc4397eb8e94c,336,1574991446,0,47.1474503,-122.3151704,104,47.14805324689265,-122.3134399,639,-1,-1,1.91128E+11,11/29/19,42,
6db93f996408d398cebdb6ef77e68f88aaafc714d4ff05d914fcc4397eb8e94c,337,1574996653,0,47.1544325,-122.3436278,116,47.1544325,-122.3436278,116,-1,-1,1.91128E+11,11/29/19,43,
6db93f996408d398cebdb6ef77e68f88aaafc714d4ff05d914fcc4397eb8e94c,338,1574998542,0,47.1491123,-122.4355774,122,47.15060147777777,-122.4357446,850,-1,-1,1.91128E+11,11/29/19,44,
6db93f996408d398cebdb6ef77e68f88aaafc714d4ff05d914fcc4397eb8e94c,339,1574998695,0,47.1498811,-122.4359398,122,47.15060147777777,-122.4357446,850,-1,-1,1.91128E+11,11/29/19,44,
6db93f996408d398cebdb6ef77e68f88aaafc714d4ff05d914fcc4397eb8e94c,340,1574998826,0,47.1505537,-122.4380561,1100,47.15060147777777,-122.4357446,1100,-1,-1,1.91128E+11,11/29/19,44,
6db93f996408d398cebdb6ef77e68f88aaafc714d4ff05d914fcc4397eb8e94c,341,1574998967,0,47.1498875,-122.4359779,116,47.15060147777777,-122.4357446,850,-1,-1,1.91128E+11,11/29/19,44,
6db93f996408d398cebdb6ef77e68f88aaafc714d4ff05d914fcc4397eb8e94c,342,1574999239,0,47.1520754,-122.4364696,700,47.15060147777777,-122.4357446,850,-1,-1,1.91128E+11,11/29/19,44,
6db93f996408d398cebdb6ef77e68f88aaafc714d4ff05d914fcc4397eb8e94c,343,1575000104,0,47.1553048,-122.4408675,104,47.15060147777777,-122.4357446,850,-1,-1,1.91128E+11,11/29/19,44,
6db93f996408d398cebdb6ef77e68f88aaafc714d4ff05d914fcc4397eb8e94c,344,1575000653,0,47.1548238,-122.3762553,1591,47.1548238,-122.3762553,1591,-1,-1,1.91128E+11,11/29/19,45,
6db93f996408d398cebdb6ef77e68f88aaafc714d4ff05d914fcc4397eb8e94c,345,1575001299,0,47.161047,-122.2894618,128,47.16122725,-122.2894134,128,-1,-1,1.91128E+11,11/29/19,46,
6db93f996408d398cebdb6ef77e68f88aaafc714d4ff05d914fcc4397eb8e94c,346,1575004315,0,47.1614075,-122.2893649,135,47.16122725,-122.2894134,135,-1,-1,1.91128E+11,11/29/19,46,
6db93f996408d398cebdb6ef77e68f88aaafc714d4ff05d914fcc4397eb8e94c,347,1575004616,0,47.1579271,-122.3159302,1300,47.15885165,-122.3129983,1300,-1,-1,1.91128E+11,11/29/19,47,
6db93f996408d398cebdb6ef77e68f88aaafc714d4ff05d914fcc4397eb8e94c,348,1575006263,0,47.1481899,-122.3123727,1300,47.14805324689265,-122.3134399,1300,-1,-1,1.91128E+11,11/29/19,48,
6db93f996408d398cebdb6ef77e68f88aaafc714d4ff05d914fcc4397eb8e94c,349,1575006957,0,47.1471763,-122.3154505,128,47.14805324689265,-122.3134399,639,-1,-1,1.91128E+11,11/29/19,48,
6db93f996408d398cebdb6ef77e68f88aaafc714d4ff05d914fcc4397eb8e94c,350,1575007957,0,47.1466858,-122.3165983,110,47.14805324689265,-122.3134399,639,-1,-1,1.91128E+11,11/29/19,48,
6db93f996408d398cebdb6ef77e68f88aaafc714d4ff05d914fcc4397eb8e94c,351,1575008559,0,47.1473403,-122.3166114,128,47.14805324689265,-122.3134399,639,-1,-1,1.91128E+11,11/29/19,48,
6db93f996408d398cebdb6ef77e68f88aaafc714d4ff05d914fcc4397eb8e94c,352,1575017157,0,47.1481899,-122.3123727,1300,47.14805324689265,-122.3134399,1300,-1,-1,1.91129E+11,11/29/19,48,
6db93f996408d398cebdb6ef77e68f88aaafc714d4ff05d914fcc4397eb8e94c,353,1575022836,0,47.1481899,-122.3123727,1300,47.14805324689265,-122.3134399,1300,-1,-1,1.91129E+11,11/29/19,48,
6db93f996408d398cebdb6ef77e68f88aaafc714d4ff05d914fcc4397eb8e94c,354,1575029224,0,47.1481899,-122.3123727,1300,47.14805324689265,-122.3134399,1300,-1,-1,1.91129E+11,11/29/19,48,
6db93f996408d398cebdb6ef77e68f88aaafc714d4ff05d914fcc4397eb8e94c,355,1575032228,0,47.1462111,-122.3154854,128,47.14805324689265,-122.3134399,639,-1,-1,1.91129E+11,11/29/19,48,
6db93f996408d398cebdb6ef77e68f88aaafc714d4ff05d914fcc4397eb8e94c,356,1575035961,0,47.1481899,-122.3123727,1300,47.14805324689265,-122.3134399,1300,-1,-1,1.91129E+11,11/29/19,48,
6db93f996408d398cebdb6ef77e68f88aaafc714d4ff05d914fcc4397eb8e94c,357,1575036299,0,47.1471763,-122.3154505,122,47.14805324689265,-122.3134399,639,-1,-1,1.91129E+11,11/29/19,48,
6db93f996408d398cebdb6ef77e68f88aaafc714d4ff05d914fcc4397eb8e94c,358,1575039859,0,47.1474503,-122.3151704,110,47.14805324689265,-122.3134399,639,-1,-1,1.91129E+11,11/29/19,48,
6db93f996408d398cebdb6ef77e68f88aaafc714d4ff05d914fcc4397eb8e94c,359,1575040905,0,47.1481899,-122.3123727,1300,47.14805324689265,-122.3134399,1300,-1,-1,1.91129E+11,11/29/19,48,
6db93f996408d398cebdb6ef77e68f88aaafc714d4ff05d914fcc4397eb8e94c,360,1575043500,0,47.1481899,-122.3123727,1300,47.14805324689265,-122.3134399,1300,-1,-1,1.91129E+11,11/29/19,48,
6db93f996408d398cebdb6ef77e68f88aaafc714d4ff05d914fcc4397eb8e94c,361,1575046464,0,47.1481899,-122.3123727,1300,47.14805324689265,-122.3134399,1300,-1,-1,1.91129E+11,11/29/19,48,
6db93f996408d398cebdb6ef77e68f88aaafc714d4ff05d914fcc4397eb8e94c,362,1575048306,0,47.1462111,-122.3154854,128,47.14805324689265,-122.3134399,639,-1,-1,1.91129E+11,11/29/19,48,
6db93f996408d398cebdb6ef77e68f88aaafc714d4ff05d914fcc4397eb8e94c,363,1575049939,0,47.1527934,-122.3117631,1000,47.14805324689265,-122.3134399,1000,-1,-1,1.91129E+11,11/29/19,48,
6db93f996408d398cebdb6ef77e68f88aaafc714d4ff05d914fcc4397eb8e94c,364,1575052916,0,47.1481899,-122.3123727,1300,47.14805324689265,-122.3134399,1300,-1,-1,1.91129E+11,11/29/19,48,
6db93f996408d398cebdb6ef77e68f88aaafc714d4ff05d914fcc4397eb8e94c,365,1575053168,0,47.1481899,-122.3123727,1300,47.14805324689265,-122.3134399,1300,-1,-1,1.91129E+11,11/29/19,48,
6db93f996408d398cebdb6ef77e68f88aaafc714d4ff05d914fcc4397eb8e94c,366,1575053638,0,47.1481899,-122.3123727,1300,47.14805324689265,-122.3134399,1300,-1,-1,1.91129E+11,11/29/19,48,
6db93f996408d398cebdb6ef77e68f88aaafc714d4ff05d914fcc4397eb8e94c,367,1575053935,0,47.1472454,-122.3172948,122,47.14805324689265,-122.3134399,639,-1,-1,1.91129E+11,11/29/19,48,
6db93f996408d398cebdb6ef77e68f88aaafc714d4ff05d914fcc4397eb8e94c,368,1575055196,0,47.1481899,-122.3123727,1300,47.14805324689265,-122.3134399,1300,-1,-1,1.91129E+11,11/29/19,48,
6db93f996408d398cebdb6ef77e68f88aaafc714d4ff05d914fcc4397eb8e94c,369,1575056104,0,47.1481899,-122.3123727,1300,47.14805324689265,-122.3134399,1300,-1,-1,1.91129E+11,11/29/19,48,
6db93f996408d398cebdb6ef77e68f88aaafc714d4ff05d914fcc4397eb8e94c,370,1575057805,0,47.1481899,-122.3123727,1300,47.14805324689265,-122.3134399,1300,-1,-1,1.91129E+11,11/29/19,48,
6db93f996408d398cebdb6ef77e68f88aaafc714d4ff05d914fcc4397eb8e94c,371,1575060006,0,47.1481899,-122.3123727,1300,47.14805324689265,-122.3134399,1300,-1,-1,1.91129E+11,11/29/19,48,
6db93f996408d398cebdb6ef77e68f88aaafc714d4ff05d914fcc4397eb8e94c,372,1575062566,0,47.150733,-122.4353464,1100,47.15060147777777,-122.4357446,1100,-1,-1,1.91129E+11,11/29/19,49,
6db93f996408d398cebdb6ef77e68f88aaafc714d4ff05d914fcc4397eb8e94c,373,1575062713,0,47.1520754,-122.4364696,700,47.15060147777777,-122.4357446,850,-1,-1,1.91129E+11,11/29/19,49,
6db93f996408d398cebdb6ef77e68f88aaafc714d4ff05d914fcc4397eb8e94c,374,1575062846,0,47.1491123,-122.4355774,122,47.15060147777777,-122.4357446,850,-1,-1,1.91129E+11,11/29/19,49,
6db93f996408d398cebdb6ef77e68f88aaafc714d4ff05d914fcc4397eb8e94c,375,1575065925,0,47.1476779,-122.4253488,116,47.15060147777777,-122.4357446,850,-1,-1,1.91129E+11,11/29/19,49,
6db93f996408d398cebdb6ef77e68f88aaafc714d4ff05d914fcc4397eb8e94c,376,1575066227,0,47.1442922,-122.3537542,1500,47.14088788181818,-122.3564489,1500,-1,-1,1.91129E+11,11/29/19,50,
6db93f996408d398cebdb6ef77e68f88aaafc714d4ff05d914fcc4397eb8e94c,377,1575066620,0,47.1364292,-122.3580875,135,47.14088788181818,-122.3564489,511,-1,-1,1.91129E+11,11/29/19,50,
6db93f996408d398cebdb6ef77e68f88aaafc714d4ff05d914fcc4397eb8e94c,378,1575067959,0,47.1364292,-122.3580875,122,47.14088788181818,-122.3564489,511,-1,-1,1.91129E+11,11/29/19,50,
6db93f996408d398cebdb6ef77e68f88aaafc714d4ff05d914fcc4397eb8e94c,379,1575068346,0,47.1369119,-122.3583386,104,47.14088788181818,-122.3564489,511,-1,-1,1.91129E+11,11/29/19,50,
6db93f996408d398cebdb6ef77e68f88aaafc714d4ff05d914fcc4397eb8e94c,380,1575071304,0,47.1481899,-122.3123727,1300,47.14805324689265,-122.3134399,1300,-1,-1,1.91129E+11,11/29/19,51,
6db93f996408d398cebdb6ef77e68f88aaafc714d4ff05d914fcc4397eb8e94c,381,1575071906,0,47.1481899,-122.3123727,1300,47.14805324689265,-122.3134399,1300,-1,-1,1.91129E+11,11/29/19,51,
6db93f996408d398cebdb6ef77e68f88aaafc714d4ff05d914fcc4397eb8e94c,382,1575073431,0,47.1481899,-122.3123727,1300,47.14805324689265,-122.3134399,1300,-1,-1,1.91129E+11,11/30/19,51,
6db93f996408d398cebdb6ef77e68f88aaafc714d4ff05d914fcc4397eb8e94c,383,1575076188,0,47.1472674,-122.3163677,135,47.14805324689265,-122.3134399,639,-1,-1,1.91129E+11,11/30/19,51,
6db93f996408d398cebdb6ef77e68f88aaafc714d4ff05d914fcc4397eb8e94c,384,1575077856,0,47.1481899,-122.3123727,1300,47.14805324689265,-122.3134399,1300,-1,-1,1.91129E+11,11/30/19,51,
6db93f996408d398cebdb6ef77e68f88aaafc714d4ff05d914fcc4397eb8e94c,385,1575078507,0,47.1481899,-122.3123727,1300,47.14805324689265,-122.3134399,1300,-1,-1,1.91129E+11,11/30/19,51,
6db93f996408d398cebdb6ef77e68f88aaafc714d4ff05d914fcc4397eb8e94c,386,1575080340,0,47.1471491,-122.3162723,122,47.14805324689265,-122.3134399,639,-1,-1,1.91129E+11,11/30/19,51,
6db93f996408d398cebdb6ef77e68f88aaafc714d4ff05d914fcc4397eb8e94c,387,1575081356,0,47.1462111,-122.3154854,149,47.14805324689265,-122.3134399,639,-1,-1,1.91129E+11,11/30/19,51,
6db93f996408d398cebdb6ef77e68f88aaafc714d4ff05d914fcc4397eb8e94c,388,1575082488,0,47.1481899,-122.3123727,1300,47.14805324689265,-122.3134399,1300,-1,-1,1.91129E+11,11/30/19,51,
6db93f996408d398cebdb6ef77e68f88aaafc714d4ff05d914fcc4397eb8e94c,389,1575085538,0,47.1481899,-122.3123727,1300,47.14805324689265,-122.3134399,1300,-1,-1,1.91129E+11,11/30/19,51,
6db93f996408d398cebdb6ef77e68f88aaafc714d4ff05d914fcc4397eb8e94c,390,1575103514,0,47.1481899,-122.3123727,1300,47.14805324689265,-122.3134399,1300,-1,-1,1.9113E+11,11/30/19,51,
6db93f996408d398cebdb6ef77e68f88aaafc714d4ff05d914fcc4397eb8e94c,391,1575108561,0,47.1481899,-122.3123727,1300,47.14805324689265,-122.3134399,1300,-1,-1,1.9113E+11,11/30/19,51,
6db93f996408d398cebdb6ef77e68f88aaafc714d4ff05d914fcc4397eb8e94c,392,1575109641,0,47.1481899,-122.3123727,1300,47.14805324689265,-122.3134399,1300,-1,-1,1.9113E+11,11/30/19,51,
6db93f996408d398cebdb6ef77e68f88aaafc714d4ff05d914fcc4397eb8e94c,393,1575110013,0,47.1481899,-122.3123727,1300,47.14805324689265,-122.3134399,1300,-1,-1,1.9113E+11,11/30/19,51,
6db93f996408d398cebdb6ef77e68f88aaafc714d4ff05d914fcc4397eb8e94c,394,1575143831,0,47.1481899,-122.3123727,1300,47.14805324689265,-122.3134399,1300,-1,-1,1.9113E+11,11/30/19,51,
6db93f996408d398cebdb6ef77e68f88aaafc714d4ff05d914fcc4397eb8e94c,395,1575154144,0,47.1481899,-122.3123727,1300,47.14805324689265,-122.3134399,1300,-1,-1,1.9113E+11,11/30/19,51,
6db93f996408d398cebdb6ef77e68f88aaafc714d4ff05d914fcc4397eb8e94c,396,1575156396,0,47.1481899,-122.3123727,1300,47.14805324689265,-122.3134399,1300,-1,-1,1.9113E+11,11/30/19,51,
97c849caf2367a58377e946eb575484fc691e6eb7bb15ceeed48b72ff7d9c64e,403,1554774611,0,47.9141361,-122.5606955,3300,47.9141361,-122.5606955,3300,-1,-1,1.90408E+11,4/9/19,1,
97c849caf2367a58377e946eb575484fc691e6eb7bb15ceeed48b72ff7d9c64e,404,1554781624,0,47.6328316,-122.3851598,821,47.632932675000006,-122.3849534,821,-1,-1,1.90408E+11,4/9/19,2,
97c849caf2367a58377e946eb575484fc691e6eb7bb15ceeed48b72ff7d9c64e,405,1554781885,0,47.6188789,-122.3594102,1000,47.6188789,-122.3594102,1000,-1,-1,1.90408E+11,4/9/19,3,
97c849caf2367a58377e946eb575484fc691e6eb7bb15ceeed48b72ff7d9c64e,406,1554783120,0,47.632541,-122.384525,900,47.632932675000006,-122.3849534,900,-1,-1,1.90408E+11,4/9/19,4,
97c849caf2367a58377e946eb575484fc691e6eb7bb15ceeed48b72ff7d9c64e,407,1554783724,0,47.6328961,-122.3855713,1000,47.632932675000006,-122.3849534,1000,-1,-1,1.90408E+11,4/9/19,4,
97c849caf2367a58377e946eb575484fc691e6eb7bb15ceeed48b72ff7d9c64e,408,1554784637,0,47.6360878,-122.3700325,1000,47.6360878,-122.3700325,1000,-1,-1,1.90408E+11,4/9/19,5,
97c849caf2367a58377e946eb575484fc691e6eb7bb15ceeed48b72ff7d9c64e,409,1554785375,0,47.633462,-122.3845575,110,47.632932675000006,-122.3849534,110,-1,-1,1.90408E+11,4/9/19,6,
97c849caf2367a58377e946eb575484fc691e6eb7bb15ceeed48b72ff7d9c64e,410,1554788979,0,47.4707792,-122.3321529,1756,47.4707792,-122.3321529,1756,-1,-1,1.90408E+11,4/9/19,7,
97c849caf2367a58377e946eb575484fc691e6eb7bb15ceeed48b72ff7d9c64e,411,1554791774,0,47.4799342,-122.2847401,1000,47.479108499999995,-122.284291,1000,-1,-1,1.90408E+11,4/9/19,8,
97c849caf2367a58377e946eb575484fc691e6eb7bb15ceeed48b72ff7d9c64e,412,1554791777,0,47.4799342,-122.2847401,1000,47.479108499999995,-122.284291,1000,-1,-1,1.90408E+11,4/9/19,8,
97c849caf2367a58377e946eb575484fc691e6eb7bb15ceeed48b72ff7d9c64e,413,1554796200,0,47.4799342,-122.2847401,1000,47.479108499999995,-122.284291,1000,-1,-1,1.90409E+11,4/9/19,8,
97c849caf2367a58377e946eb575484fc691e6eb7bb15ceeed48b72ff7d9c64e,414,1554797989,0,47.4917536,-122.2808249,1300,47.4917536,-122.2808249,1300,-1,-1,1.90409E+11,4/9/19,9,
97c849caf2367a58377e946eb575484fc691e6eb7bb15ceeed48b72ff7d9c64e,415,1554798600,0,47.4785594,-122.2847685,1100,47.479108499999995,-122.284291,1100,-1,-1,1.90409E+11,4/9/19,10,
97c849caf2367a58377e946eb575484fc691e6eb7bb15ceeed48b72ff7d9c64e,416,1554800050,0,47.4781414,-122.2829498,156,47.479108499999995,-122.284291,156,-1,-1,1.90409E+11,4/9/19,10,
97c849caf2367a58377e946eb575484fc691e6eb7bb15ceeed48b72ff7d9c64e,417,1554800413,0,47.4799342,-122.2847401,1000,47.479108499999995,-122.284291,1000,-1,-1,1.90409E+11,4/9/19,10,
97c849caf2367a58377e946eb575484fc691e6eb7bb15ceeed48b72ff7d9c64e,418,1554801100,0,47.4799342,-122.2847401,1000,47.479108499999995,-122.284291,1000,-1,-1,1.90409E+11,4/9/19,10,
97c849caf2367a58377e946eb575484fc691e6eb7bb15ceeed48b72ff7d9c64e,419,1554802922,0,47.4782142,-122.2842189,122,47.479108499999995,-122.284291,147,-1,-1,1.90409E+11,4/9/19,10,
97c849caf2367a58377e946eb575484fc691e6eb7bb15ceeed48b72ff7d9c64e,420,1554804490,0,47.4782848,-122.2830532,142,47.479108499999995,-122.284291,147,-1,-1,1.90409E+11,4/9/19,10,
97c849caf2367a58377e946eb575484fc691e6eb7bb15ceeed48b72ff7d9c64e,421,1554804790,0,47.4782142,-122.2842189,110,47.479108499999995,-122.284291,147,-1,-1,1.90409E+11,4/9/19,10,
97c849caf2367a58377e946eb575484fc691e6eb7bb15ceeed48b72ff7d9c64e,422,1554815918,0,47.4636145,-122.2823511,1000,47.4636145,-122.2823511,1000,-1,-1,1.90409E+11,4/9/19,11,
97c849caf2367a58377e946eb575484fc691e6eb7bb15ceeed48b72ff7d9c64e,423,1554816165,0,47.4491027,-122.208344,1684,47.4491027,-122.208344,1684,-1,-1,1.90409E+11,4/9/19,12,
97c849caf2367a58377e946eb575484fc691e6eb7bb15ceeed48b72ff7d9c64e,424,1554818061,0,47.3592787,-122.3109774,128,47.35900065,-122.3107522,128,-1,-1,1.90409E+11,4/9/19,13,
97c849caf2367a58377e946eb575484fc691e6eb7bb15ceeed48b72ff7d9c64e,425,1554818704,0,47.3591588,-122.3099941,128,47.35900065,-122.3107522,128,-1,-1,1.90409E+11,4/9/19,13,
97c849caf2367a58377e946eb575484fc691e6eb7bb15ceeed48b72ff7d9c64e,426,1554935905,0,47.3112606,-122.3138111,116,47.3112606,-122.3138111,116,-1,-1,1.9041E+11,4/10/19,14,
97c849caf2367a58377e946eb575484fc691e6eb7bb15ceeed48b72ff7d9c64e,427,1555018749,0,47.3592787,-122.3109774,110,47.35900065,-122.3107522,110,-1,-1,1.90411E+11,4/11/19,15,
97c849caf2367a58377e946eb575484fc691e6eb7bb15ceeed48b72ff7d9c64e,428,1555019006,0,47.3582864,-122.31106,149,47.35900065,-122.3107522,149,-1,-1,1.90411E+11,4/11/19,15,
d01a212a23148fa52244ce75d247e35d53f96cd6d8b353b0b3e37a873e955527,69,1553273795,0,47.0937219,-122.6268223,135,47.09480638,-122.6206776,480,-1,-1,1.90322E+11,3/22/19,1,
d01a212a23148fa52244ce75d247e35d53f96cd6d8b353b0b3e37a873e955527,70,1553274037,0,47.1048866,-122.5817158,1687,47.10645885,-122.5794703,1687,-1,-1,1.90322E+11,3/22/19,2,
d01a212a23148fa52244ce75d247e35d53f96cd6d8b353b0b3e37a873e955527,71,1553274528,0,47.2313201,-122.4386019,122,47.2313201,-122.4386019,122,-1,-1,1.90322E+11,3/22/19,3,
d01a212a23148fa52244ce75d247e35d53f96cd6d8b353b0b3e37a873e955527,72,1553274769,0,47.2413827,-122.3937849,900,47.2413827,-122.3937849,900,-1,-1,1.90322E+11,3/22/19,4,
d01a212a23148fa52244ce75d247e35d53f96cd6d8b353b0b3e37a873e955527,73,1553275010,0,47.2405735,-122.3409782,1585,47.24237840000001,-122.3468071,1585,-1,-1,1.90322E+11,3/22/19,5,
d01a212a23148fa52244ce75d247e35d53f96cd6d8b353b0b3e37a873e955527,74,1553275309,0,47.3474836,-122.2935045,1171,47.3474836,-122.2935045,1171,-1,-1,1.90322E+11,3/22/19,6,
d01a212a23148fa52244ce75d247e35d53f96cd6d8b353b0b3e37a873e955527,75,1553275675,0,47.4314535,-122.2728544,1400,47.4314535,-122.2728544,1400,-1,-1,1.90322E+11,3/22/19,7,
d01a212a23148fa52244ce75d247e35d53f96cd6d8b353b0b3e37a873e955527,76,1553277669,0,47.3285783,-122.2950204,142,47.3285783,-122.2950204,142,-1,-1,1.90322E+11,3/22/19,8,
d01a212a23148fa52244ce75d247e35d53f96cd6d8b353b0b3e37a873e955527,77,1553278033,0,47.2441833,-122.3526359,1300,47.24237840000001,-122.3468071,1300,-1,-1,1.90322E+11,3/22/19,9,
d01a212a23148fa52244ce75d247e35d53f96cd6d8b353b0b3e37a873e955527,78,1553278519,0,47.1927171,-122.4635203,104,47.1927171,-122.4635203,104,-1,-1,1.90322E+11,3/22/19,10,
d01a212a23148fa52244ce75d247e35d53f96cd6d8b353b0b3e37a873e955527,79,1553279001,0,47.123389,-122.5509893,1618,47.122856350000006,-122.5520123,1618,-1,-1,1.90322E+11,3/22/19,11,
d01a212a23148fa52244ce75d247e35d53f96cd6d8b353b0b3e37a873e955527,80,1553279241,0,47.0825154,-122.6699328,500,47.082897933333335,-122.6676742,500,-1,-1,1.90322E+11,3/22/19,12,
d01a212a23148fa52244ce75d247e35d53f96cd6d8b353b0b3e37a873e955527,81,1553387091,0,47.0832096,-122.6666997,2300,47.082897933333335,-122.6676742,2300,-1,-1,1.90323E+11,3/24/19,12,
d01a212a23148fa52244ce75d247e35d53f96cd6d8b353b0b3e37a873e955527,82,1553387337,0,47.0945713,-122.6194343,1200,47.09480638,-122.6206776,1200,-1,-1,1.90323E+11,3/24/19,13,
d01a212a23148fa52244ce75d247e35d53f96cd6d8b353b0b3e37a873e955527,83,1553387585,0,47.1023852,-122.5970696,1500,47.1023852,-122.5970696,1500,-1,-1,1.90323E+11,3/24/19,14,
d01a212a23148fa52244ce75d247e35d53f96cd6d8b353b0b3e37a873e955527,84,1553387827,0,47.1134737,-122.5665379,900,47.11315563333333,-122.5675599,900,-1,-1,1.90323E+11,3/24/19,15,
d01a212a23148fa52244ce75d247e35d53f96cd6d8b353b0b3e37a873e955527,85,1553388084,0,47.1607497,-122.4851717,1700,47.16032263333333,-122.4858028,1700,-1,-1,1.90323E+11,3/24/19,16,
d01a212a23148fa52244ce75d247e35d53f96cd6d8b353b0b3e37a873e955527,86,1553388666,0,47.182797,-122.4638885,1500,47.1786818,-122.4647177,1500,-1,-1,1.90323E+11,3/24/19,17,
d01a212a23148fa52244ce75d247e35d53f96cd6d8b353b0b3e37a873e955527,87,1553389052,0,47.1762305,-122.4631589,1400,47.1786818,-122.4647177,1400,-1,-1,1.90323E+11,3/24/19,17,
d01a212a23148fa52244ce75d247e35d53f96cd6d8b353b0b3e37a873e955527,88,1553393827,0,47.1770179,-122.4671056,1500,47.1786818,-122.4647177,1500,-1,-1,1.90323E+11,3/24/19,17,
d01a212a23148fa52244ce75d247e35d53f96cd6d8b353b0b3e37a873e955527,89,1553397769,0,47.1463087,-122.5089235,1851,47.1463087,-122.5089235,1851,-1,-1,1.90323E+11,3/24/19,18,
d01a212a23148fa52244ce75d247e35d53f96cd6d8b353b0b3e37a873e955527,90,1553398011,0,47.0953457,-122.6180723,2100,47.09480638,-122.6206776,2100,-1,-1,1.90323E+11,3/24/19,19,
d01a212a23148fa52244ce75d247e35d53f96cd6d8b353b0b3e37a873e955527,91,1572803394,0,47.0829688,-122.6663902,2200,47.082897933333335,-122.6676742,2200,-1,-1,1.91103E+11,11/3/19,20,
d01a212a23148fa52244ce75d247e35d53f96cd6d8b353b0b3e37a873e955527,92,1572803637,0,47.1080311,-122.5772248,1600,47.10645885,-122.5794703,1600,-1,-1,1.91103E+11,11/3/19,21,
d01a212a23148fa52244ce75d247e35d53f96cd6d8b353b0b3e37a873e955527,93,1572803880,0,47.1309086,-122.5352724,1649,47.13213165,-122.5327445,1649,-1,-1,1.91103E+11,11/3/19,22,
d01a212a23148fa52244ce75d247e35d53f96cd6d8b353b0b3e37a873e955527,94,1572804472,0,47.2368492,-122.5015145,1780,47.2368492,-122.5015145,1780,-1,-1,1.91103E+11,11/3/19,23,
d01a212a23148fa52244ce75d247e35d53f96cd6d8b353b0b3e37a873e955527,95,1572804722,0,47.2804496,-122.5616484,1759,47.2789547,-122.5615966,1759,-1,-1,1.91103E+11,11/3/19,24,
d01a212a23148fa52244ce75d247e35d53f96cd6d8b353b0b3e37a873e955527,96,1572804975,0,47.3800572,-122.6236946,1600,47.38192705,-122.623724,1600,-1,-1,1.91103E+11,11/3/19,25,
d01a212a23148fa52244ce75d247e35d53f96cd6d8b353b0b3e37a873e955527,97,1572805219,0,47.4500039,-122.6316437,3200,47.4500039,-122.6316437,3200,-1,-1,1.91103E+11,11/3/19,26,
d01a212a23148fa52244ce75d247e35d53f96cd6d8b353b0b3e37a873e955527,98,1572805950,0,47.4819396,-122.6334571,2500,47.4819396,-122.6334571,2500,-1,-1,1.91103E+11,11/3/19,27,
d01a212a23148fa52244ce75d247e35d53f96cd6d8b353b0b3e37a873e955527,99,1572806194,0,47.4632563,-122.6254968,2200,47.4632563,-122.6254968,2200,-1,-1,1.91103E+11,11/3/19,28,
d01a212a23148fa52244ce75d247e35d53f96cd6d8b353b0b3e37a873e955527,100,1572807376,0,47.4514812,-122.6456386,135,47.4514812,-122.6456386,135,-1,-1,1.91103E+11,11/3/19,29,
d01a212a23148fa52244ce75d247e35d53f96cd6d8b353b0b3e37a873e955527,101,1572808104,0,47.4350273,-122.6314072,2600,47.4350273,-122.6314072,2600,-1,-1,1.91103E+11,11/3/19,30,
d01a212a23148fa52244ce75d247e35d53f96cd6d8b353b0b3e37a873e955527,102,1572808347,0,47.3837969,-122.6237534,1500,47.38192705,-122.623724,1500,-1,-1,1.91103E+11,11/3/19,31,
d01a212a23148fa52244ce75d247e35d53f96cd6d8b353b0b3e37a873e955527,103,1572808590,0,47.3187791,-122.5888784,2200,47.3187791,-122.5888784,2200,-1,-1,1.91103E+11,11/3/19,32,
d01a212a23148fa52244ce75d247e35d53f96cd6d8b353b0b3e37a873e955527,104,1572808834,0,47.2774598,-122.5615448,104,47.2789547,-122.5615966,166,-1,-1,1.91103E+11,11/3/19,33,
d01a212a23148fa52244ce75d247e35d53f96cd6d8b353b0b3e37a873e955527,105,1572809076,0,47.2579637,-122.5334022,1686,47.2579637,-122.5334022,1686,-1,-1,1.91103E+11,11/3/19,34,
d01a212a23148fa52244ce75d247e35d53f96cd6d8b353b0b3e37a873e955527,106,1572809563,0,47.1568826,-122.4920004,1400,47.16032263333333,-122.4858028,1400,-1,-1,1.91103E+11,11/3/19,35,
d01a212a23148fa52244ce75d247e35d53f96cd6d8b353b0b3e37a873e955527,107,1572809808,0,47.1223237,-122.5530352,116,47.122856350000006,-122.5520123,116,-1,-1,1.91103E+11,11/3/19,36,
d01a212a23148fa52244ce75d247e35d53f96cd6d8b353b0b3e37a873e955527,108,1572810050,0,47.0955866,-122.6183815,2300,47.09480638,-122.6206776,2300,-1,-1,1.91103E+11,11/3/19,37,
d01a212a23148fa52244ce75d247e35d53f96cd6d8b353b0b3e37a873e955527,109,1572814060,0,47.0790161,-122.6819354,1100,47.07775136666667,-122.6865958,1100,-1,-1,1.91103E+11,11/3/19,38,
d01a212a23148fa52244ce75d247e35d53f96cd6d8b353b0b3e37a873e955527,110,1574282732,0,47.077119,-122.688926,2100,47.07775136666667,-122.6865958,2100,-1,-1,1.9112E+11,11/20/19,38,
d01a212a23148fa52244ce75d247e35d53f96cd6d8b353b0b3e37a873e955527,111,1574282985,0,47.1115264,-122.5705184,1200,47.11315563333333,-122.5675599,1200,-1,-1,1.9112E+11,11/20/19,39,
d01a212a23148fa52244ce75d247e35d53f96cd6d8b353b0b3e37a873e955527,112,1574287279,0,47.1633356,-122.4802364,1600,47.16032263333333,-122.4858028,1600,-1,-1,1.9112E+11,11/20/19,40,
d01a212a23148fa52244ce75d247e35d53f96cd6d8b353b0b3e37a873e955527,113,1574287523,0,47.1333547,-122.5302165,110,47.13213165,-122.5327445,234,-1,-1,1.9112E+11,11/20/19,41,
d01a212a23148fa52244ce75d247e35d53f96cd6d8b353b0b3e37a873e955527,114,1574287764,0,47.1144668,-122.5656233,1678,47.11315563333333,-122.5675599,1678,-1,-1,1.9112E+11,11/20/19,42,
d01a212a23148fa52244ce75d247e35d53f96cd6d8b353b0b3e37a873e955527,115,1574288007,0,47.077119,-122.688926,2100,47.07775136666667,-122.6865958,2100,-1,-1,1.9112E+11,11/20/19,43,
f32492e1387ee27bb34969fb5988bf48324408295372721b9bd7b4816a9cedf4,116,1552422152,0,47.4355003,-122.3163493,1300,47.43428536,-122.3106744,1300,-1,-1,1.90312E+11,3/12/19,1,
f32492e1387ee27bb34969fb5988bf48324408295372721b9bd7b4816a9cedf4,117,1552422165,0,47.4333275,-122.3059164,800,47.43428536,-122.3106744,800,-1,-1,1.90312E+11,3/12/19,1,
f32492e1387ee27bb34969fb5988bf48324408295372721b9bd7b4816a9cedf4,118,1552422172,0,47.4332398,-122.3105274,1300,47.43428536,-122.3106744,1300,-1,-1,1.90312E+11,3/12/19,1,
f32492e1387ee27bb34969fb5988bf48324408295372721b9bd7b4816a9cedf4,119,1552422252,0,47.4338589,-122.3042296,900,47.43428536,-122.3106744,900,-1,-1,1.90312E+11,3/12/19,1,
f32492e1387ee27bb34969fb5988bf48324408295372721b9bd7b4816a9cedf4,120,1552422257,0,47.4285396,-122.295119,1200,47.4285396,-122.295119,1200,-1,-1,1.90312E+11,3/12/19,2,
f32492e1387ee27bb34969fb5988bf48324408295372721b9bd7b4816a9cedf4,121,1552422570,0,47.4355003,-122.3163493,1300,47.43428536,-122.3106744,1300,-1,-1,1.90312E+11,3/12/19,3,
f32492e1387ee27bb34969fb5988bf48324408295372721b9bd7b4816a9cedf4,122,1552424829,0,47.4727479,-122.2065817,1000,47.4727479,-122.2065817,1000,-1,-1,1.90312E+11,3/12/19,4,
f32492e1387ee27bb34969fb5988bf48324408295372721b9bd7b4816a9cedf4,123,1552450576,0,47.5651336,-122.0224265,1400,47.56514179,-122.0234968,1400,-1,-1,1.90312E+11,3/13/19,5,
f32492e1387ee27bb34969fb5988bf48324408295372721b9bd7b4816a9cedf4,124,1552558005,0,47.5651336,-122.0224265,1400,47.56514179,-122.0234968,1400,-1,-1,1.90314E+11,3/14/19,5,
f32492e1387ee27bb34969fb5988bf48324408295372721b9bd7b4816a9cedf4,125,1552744677,0,47.5651336,-122.0224265,1200,47.56514179,-122.0234968,1200,-1,-1,1.90316E+11,3/16/19,5,
f32492e1387ee27bb34969fb5988bf48324408295372721b9bd7b4816a9cedf4,126,1552762900,0,47.5497585,-122.0213735,1000,47.5497585,-122.0213735,1000,-1,-1,1.90316E+11,3/16/19,6,
f32492e1387ee27bb34969fb5988bf48324408295372721b9bd7b4816a9cedf4,127,1552771451,0,47.5362588,-122.0285562,1100,47.5362588,-122.0285562,1100,-1,-1,1.90316E+11,3/16/19,7,
f32492e1387ee27bb34969fb5988bf48324408295372721b9bd7b4816a9cedf4,128,1553567382,0,47.5228765,-122.1988588,116,47.5228765,-122.1988588,116,-1,-1,1.90325E+11,3/26/19,8,
f32492e1387ee27bb34969fb5988bf48324408295372721b9bd7b4816a9cedf4,129,1553767414,0,47.5652655,-122.022003,1600,47.56514179,-122.0234968,1600,-1,-1,1.90328E+11,3/28/19,9,
f32492e1387ee27bb34969fb5988bf48324408295372721b9bd7b4816a9cedf4,130,1553813656,0,47.6502374,-122.1444619,1604,47.6502374,-122.1444619,1604,-1,-1,1.90328E+11,3/28/19,10,
f32492e1387ee27bb34969fb5988bf48324408295372721b9bd7b4816a9cedf4,131,1553912886,0,47.6472618,-122.0867729,1100,47.6472618,-122.0867729,1100,-1,-1,1.90329E+11,3/30/19,11,
f32492e1387ee27bb34969fb5988bf48324408295372721b9bd7b4816a9cedf4,132,1553912887,0,47.6472618,-122.0867729,1100,47.6472618,-122.0867729,1100,-1,-1,1.90329E+11,3/30/19,11,
f32492e1387ee27bb34969fb5988bf48324408295372721b9bd7b4816a9cedf4,133,1554207926,0,47.5648882,-122.0221182,1500,47.56514179,-122.0234968,1500,-1,-1,1.90402E+11,4/2/19,12,
f32492e1387ee27bb34969fb5988bf48324408295372721b9bd7b4816a9cedf4,134,1554342443,0,47.6657475,-122.1126592,128,47.6657475,-122.1126592,128,-1,-1,1.90403E+11,4/4/19,13,
f32492e1387ee27bb34969fb5988bf48324408295372721b9bd7b4816a9cedf4,135,1554381513,0,47.5635696,-122.0263519,1800,47.56514179,-122.0234968,1800,-1,-1,1.90404E+11,4/4/19,14,
f32492e1387ee27bb34969fb5988bf48324408295372721b9bd7b4816a9cedf4,136,1555148343,0,47.5647565,-122.0225416,1400,47.56514179,-122.0234968,1400,-1,-1,1.90413E+11,4/13/19,14,
f32492e1387ee27bb34969fb5988bf48324408295372721b9bd7b4816a9cedf4,137,1555157466,0,47.5647565,-122.0225416,1400,47.56514179,-122.0234968,1400,-1,-1,1.90413E+11,4/13/19,14,
f32492e1387ee27bb34969fb5988bf48324408295372721b9bd7b4816a9cedf4,138,1555505305,0,47.572343,-122.0255904,1100,47.56514179,-122.0234968,1100,-1,-1,1.90417E+11,4/17/19,14,
f32492e1387ee27bb34969fb5988bf48324408295372721b9bd7b4816a9cedf4,139,1555671556,0,47.5604378,-122.0265414,1700,47.56514179,-122.0234968,1700,-1,-1,1.90419E+11,4/19/19,14,
f32492e1387ee27bb34969fb5988bf48324408295372721b9bd7b4816a9cedf4,140,1556308420,0,47.6364003,-122.1434281,900,47.637192299999995,-122.1418225,900,-1,-1,1.90426E+11,4/26/19,15,
f32492e1387ee27bb34969fb5988bf48324408295372721b9bd7b4816a9cedf4,141,1556308857,0,47.6389051,-122.1391254,172,47.637192299999995,-122.1418225,277,-1,-1,1.90426E+11,4/26/19,15,
f32492e1387ee27bb34969fb5988bf48324408295372721b9bd7b4816a9cedf4,142,1556310801,0,47.6364003,-122.1434281,900,47.637192299999995,-122.1418225,900,-1,-1,1.90426E+11,4/26/19,15,
f32492e1387ee27bb34969fb5988bf48324408295372721b9bd7b4816a9cedf4,143,1556311643,0,47.6370635,-122.1413082,1200,47.637192299999995,-122.1418225,1200,-1,-1,1.90426E+11,4/26/19,15,
f32492e1387ee27bb34969fb5988bf48324408295372721b9bd7b4816a9cedf4,144,1556311802,0,47.629816,-122.1327551,800,47.629816,-122.1327551,800,-1,-1,1.90426E+11,4/26/19,16,
f32492e1387ee27bb34969fb5988bf48324408295372721b9bd7b4816a9cedf4,145,1556323828,0,47.6675229,-122.1270912,1300,47.66930105,-122.1257839,1300,-1,-1,1.90426E+11,4/27/19,17,
f32492e1387ee27bb34969fb5988bf48324408295372721b9bd7b4816a9cedf4,146,1556324793,0,47.6710792,-122.1244766,1100,47.66930105,-122.1257839,1100,-1,-1,1.90426E+11,4/27/19,17,
f98247efb013243c91c247aa6c6e119e71404a698005d1e3ee7654f17130cb25,0,1552522827,0,47.6515886,-122.3273974,900,47.6515886,-122.3273974,900,-1,-1,1.90313E+11,3/14/19,1,
f98247efb013243c91c247aa6c6e119e71404a698005d1e3ee7654f17130cb25,1,1552850582,0,47.9993149,-122.2218245,122,47.99950850769232,-122.221001,452,-1,-1,1.90317E+11,3/17/19,2,
f98247efb013243c91c247aa6c6e119e71404a698005d1e3ee7654f17130cb25,2,1552851399,0,47.9990418,-122.2215741,104,47.99950850769232,-122.221001,452,-1,-1,1.90317E+11,3/17/19,2,
f98247efb013243c91c247aa6c6e119e71404a698005d1e3ee7654f17130cb25,3,1553827223,0,47.590755,-122.3302219,103,47.590755,-122.3302219,103,-1,-1,1.90328E+11,3/29/19,3,
f98247efb013243c91c247aa6c6e119e71404a698005d1e3ee7654f17130cb25,4,1553840035,0,47.9980326,-122.2213733,128,47.99950850769232,-122.221001,452,-1,-1,1.90328E+11,3/29/19,4,
f98247efb013243c91c247aa6c6e119e71404a698005d1e3ee7654f17130cb25,5,1554524949,0,48.0812004,-122.1851317,1300,48.0812004,-122.1851317,1300,-1,-1,1.90405E+11,4/6/19,5,
f98247efb013243c91c247aa6c6e119e71404a698005d1e3ee7654f17130cb25,6,1554878292,0,48.0025221,-122.2193118,116,47.99950850769232,-122.221001,452,-1,-1,1.90409E+11,4/10/19,6,
f98247efb013243c91c247aa6c6e119e71404a698005d1e3ee7654f17130cb25,7,1554879162,0,47.9990426,-122.2218204,104,47.99950850769232,-122.221001,452,-1,-1,1.90409E+11,4/10/19,6,
f98247efb013243c91c247aa6c6e119e71404a698005d1e3ee7654f17130cb25,8,1554880056,0,48.0025221,-122.2193118,116,47.99950850769232,-122.221001,452,-1,-1,1.9041E+11,4/10/19,6,
f98247efb013243c91c247aa6c6e119e71404a698005d1e3ee7654f17130cb25,9,1554880372,0,47.9955709,-122.2225579,110,47.99950850769232,-122.221001,452,-1,-1,1.9041E+11,4/10/19,6,
f98247efb013243c91c247aa6c6e119e71404a698005d1e3ee7654f17130cb25,10,1555020423,0,47.9955709,-122.2225579,104,47.99950850769232,-122.221001,452,-1,-1,1.90411E+11,4/11/19,6,
f98247efb013243c91c247aa6c6e119e71404a698005d1e3ee7654f17130cb25,11,1555021060,0,47.9993218,-122.2221718,104,47.99950850769232,-122.221001,452,-1,-1,1.90411E+11,4/11/19,6,
f98247efb013243c91c247aa6c6e119e71404a698005d1e3ee7654f17130cb25,12,1555021413,0,47.9989616,-122.2204288,104,47.99950850769232,-122.221001,452,-1,-1,1.90411E+11,4/11/19,6,
f98247efb013243c91c247aa6c6e119e71404a698005d1e3ee7654f17130cb25,13,1555110697,0,48.0031439,-122.2208003,110,47.99950850769232,-122.221001,452,-1,-1,1.90412E+11,4/12/19,6,
f98247efb013243c91c247aa6c6e119e71404a698005d1e3ee7654f17130cb25,14,1555184091,0,47.9990426,-122.2218204,122,47.99950850769232,-122.221001,452,-1,-1,1.90413E+11,4/13/19,6,
f98247efb013243c91c247aa6c6e119e71404a698005d1e3ee7654f17130cb25,15,1555184339,0,48.0015228,-122.2174606,128,47.99950850769232,-122.221001,452,-1,-1,1.90413E+11,4/13/19,6,
f98247efb013243c91c247aa6c6e119e71404a698005d1e3ee7654f17130cb25,16,1555443941,0,47.4833374,-122.2630671,1400,47.4833374,-122.2630671,1400,-1,-1,1.90416E+11,4/16/19,7,